USE eparker_cs355fa21;
-- Insert statements for bots
INSERT INTO MKT_bot (steam_id, bot_status) VALUES
    ('76561198095413743', 1),
    ('76561198149154231', 0),
    ('76561198126203505', 0),
    ('76561198124042350', 2),
    ('76561198204190699', 1);

-- Due to the privacy of trade urls, only one will be provided
INSERT INTO MKT_user (steam_id, trade_url, balance) VALUES
    ('76561198095413743', 'https://steamcommunity.com/tradeoffer/new/?partner=135148015&token=iSJZmoB7', 13),
    ('76561198149154231', 'sample url', 1),
    ('76561198126203505', 'another sample url', 12),
    ('76561198124042350', null, 26),
    ('76561198204190699', null, 32),
    ('76561197994506642', null, 0),
    ('76561197962869401', null, 1);

INSERT INTO MKT_ban (ban_length, ban_reason, user_steam_id) VALUES
    (86400, 'Made me mad', '76561197962869401'),
    (9600, 'Exploiting', '76561198126203505'),
    (88768, 'Lost a bet', '76561198124042350'),
    (7726, 'Obsceen comments','76561197994506642');

INSERT INTO MKT_item (app_id, context_id, asset_id, amount, market_name, class_id, instance_id, bot_id) VALUES 
('440', '2', '8817952633', 1, 'Refined Metal', '2674', '11040547', '76561198204190699'),
('440', '2', '8817994475', 1, 'Reclaimed Metal', '5564', '11040547', '76561198204190699'),
('440', '2', '8817993026', 1, 'Refined Metal', '2674', '11040547', '76561198204190699'),
('440', '2', '8817994645', 1, 'Scrap Metal', '2675', '11040547', '76561198204190699'),
('440', '2', '8818713110', 1, 'Scrap Metal', '2675', '11040547', '76561198204190699'),
('440', '2', '8818677796', 1, 'Reclaimed Metal', '5564', '11040547', '76561198204190699'),
('440', '2', '8818593824', 1, 'Scrap Metal', '2675', '11040547', '76561198204190699'),
('440', '2', '8817994477', 1, 'Reclaimed Metal', '5564', '11040547', '76561198204190699'),
('440', '2', '8817994476', 1, 'Reclaimed Metal', '5564', '11040547', '76561198204190699'),
('440', '2', '8818713111', 1, 'Scrap Metal', '2675', '11040547', '76561198204190699'),
('440', '2', '8818713348', 1, 'Reclaimed Metal', '5564', '11040547', '76561198204190699'),
('440', '2', '8818744297', 1, 'Scrap Metal', '2675', '11040547', '76561198204190699'),
('440', '2', '8818744458', 1, 'Reclaimed Metal', '5564', '11040547', '76561198204190699'),
('440', '2', '8818942138', 1, 'Scrap Metal', '2675', '11040547', '76561198204190699'),
('440', '2', '8818942367', 1, 'Reclaimed Metal', '5564', '11040547', '76561198204190699'),
('440', '2', '8818942139', 1, 'Scrap Metal', '2675', '11040547', '76561198204190699'),
('440', '2', '8818942137', 1, 'Scrap Metal', '2675', '11040547', '76561198204190699'),
('440', '2', '8818744298', 1, 'Scrap Metal', '2675', '11040547', '76561198204190699'),
('440', '2', '8818744296', 1, 'Scrap Metal', '2675', '11040547', '76561198204190699'),
('440', '2', '8818713112', 1, 'Scrap Metal', '2675', '11040547', '76561198204190699'),
('440', '2', '8801607930', 1, 'Spooky Spoils Case', '3554730729', '0', '76561198204190699'),
('440', '2', '8807513519', 1, 'Spooky Spoils Case', '3554730729', '0', '76561198204190699'),
('440', '2', '8807513548', 1, 'Spooky Spoils Case', '3554730729', '0', '76561198204190699'),
('440', '2', '8801711115', 1, 'Winter 2019 Cosmetic Case', '3629500009', '0', '76561198204190699'),
('440', '2', '8801711116', 1, 'Winter 2019 War Paint Case', '3629500010', '0', '76561198204190699'),
('440', '2', '8801517305', 1, 'The Sandman', '104', '0', '76561198204190699'),
('440', '2', '8807513491', 1, 'Spooky Spoils Case', '3554730729', '0', '76561198149154231'),
('440', '2', '4398857679', 1, 'Specialized Killstreak Flare Gun Kit Fabricator', '636427865', '237262337', '76561198149154231'),
('440', '2', '4398857489', 1, 'Specialized Killstreak Neon Annihilator Kit Fabricator', '1064817033', '238263625', '76561198149154231'),
('440', '2', '4398857563', 1, 'Specialized Killstreak Tribalmans Shiv Kit Fabricator', '778270345', '237183785', '76561198149154231'),
('440', '2', '4398857530', 1, 'Specialized Killstreak Black Rose Kit Fabricator', '1123527937', '237183785', '76561198149154231'),
('440', '2', '4398857482', 1, 'Specialized Killstreak Short Circuit Kit Fabricator', '1054244013', '237183785', '76561198149154231'),
('440', '2', '4398857577', 1, 'Specialized Killstreak Scottish Resistance Kit Fabricator', '1161921077', '238907036', '76561198149154231'),
('440', '2', '4398857761', 1, 'Specialized Killstreak Widowmaker Kit Fabricator', '1331959104', '239292462', '76561198149154231'),
('440', '2', '4398857703', 1, 'Specialized Killstreak Overdose Kit Fabricator', '630618647', '239479452', '76561198149154231'),
('440', '2', '4398857721', 1, 'Professional Killstreak Axtinguisher Kit Fabricator', '1319416607', '239479452', '76561198149154231'),
('440', '2', '4398857662', 1, 'The Concealed Killer Weapons Case', '1101015350', '1096263353', '76561198149154231'),
('440', '2', '4398857907', 1, 'The Concealed Killer Weapons Case', '1101015350', '0', '76561198149154231'),
('440', '2', '4398857804', 1, 'The Concealed Killer Weapons Case', '1101015350', '0', '76561198149154231'),
('440', '2', '4398857355', 1, 'End of the Line Community Crate Series #87', '639300709', '0', '76561198149154231'),
('440', '2', '4398857404', 1, 'End of the Line Community Crate Series #87', '639300709', '0', '76561198149154231'),
('440', '2', '4398857446', 1, 'End of the Line Community Crate Series #87', '639300709', '0', '76561198149154231'),
('440', '2', '4398857441', 1, 'End of the Line Community Crate Series #87', '639300709', '0', '76561198149154231'),
('440', '2', '4398857343', 1, 'End of the Line Community Crate Series #87', '639300709', '0', '76561198149154231'),
('440', '2', '4398857400', 1, 'End of the Line Community Crate Series #87', '639300709', '0', '76561198149154231'),
('440', '2', '4398857393', 1, 'End of the Line Community Crate Series #87', '639300709', '0', '76561198149154231'),
('440', '2', '4398857384', 1, 'End of the Line Community Crate Series #87', '639300709', '0', '76561198149154231'),
('440', '2', '4398857381', 1, 'End of the Line Community Crate Series #87', '639300709', '0', '76561198149154231'),
('440', '2', '4398857378', 1, 'End of the Line Community Crate Series #87', '639300709', '0', '76561198149154231'),
('440', '2', '4398857376', 1, 'End of the Line Community Crate Series #87', '639300709', '0', '76561198149154231'),
('440', '2', '4398857370', 1, 'End of the Line Community Crate Series #87', '639300709', '0', '76561198149154231'),
('440', '2', '4398857362', 1, 'End of the Line Community Crate Series #87', '639300709', '0', '76561198149154231'),
('440', '2', '4398857359', 1, 'End of the Line Community Crate Series #87', '639300709', '0', '76561198149154231'),
('440', '2', '4398857350', 1, 'End of the Line Community Crate Series #87', '639300709', '0', '76561198149154231'),
('440', '2', '4398857345', 1, 'End of the Line Community Crate Series #87', '639300709', '0', '76561198149154231'),
('440', '2', '4398857337', 1, 'End of the Line Community Crate Series #87', '639300709', '0', '76561198149154231'),
('440', '2', '4398857946', 1, 'Gun Mettle Cosmetic Case', '1240803258', '0', '76561198149154231'),
('440', '2', '4398857861', 1, 'Gun Mettle Cosmetic Case', '1240803258', '0', '76561198149154231'),
('440', '2', '4398857967', 1, 'Gun Mettle Cosmetic Case', '1240803258', '0', '76561198149154231'),
('440', '2', '4398857732', 1, 'Gun Mettle Cosmetic Case', '1240803258', '0', '76561198149154231'),
('440', '2', '4398857931', 1, 'Quarantined Collection Case', '1333407163', '0', '76561198149154231'),
('440', '2', '4398857914', 1, 'Quarantined Collection Case', '1333407163', '0', '76561198149154231'),
('440', '2', '4398857974', 1, 'Quarantined Collection Case', '1333407163', '0', '76561198149154231'),
('440', '2', '4398857842', 1, 'Quarantined Collection Case', '1333407163', '0', '76561198149154231'),
('440', '2', '4398857813', 1, 'Quarantined Collection Case', '1333407163', '0', '76561198149154231'),
('440', '2', '4398857977', 1, 'Quarantined Collection Case', '1333407163', '0', '76561198149154231'),
('440', '2', '4398857952', 1, 'Confidential Collection Case', '1333389041', '0', '76561198149154231'),
('440', '2', '4398857927', 1, 'Confidential Collection Case', '1333389041', '0', '76561198149154231'),
('440', '2', '4398857896', 1, 'Confidential Collection Case', '1333389041', '0', '76561198149154231'),
('440', '2', '4398857868', 1, 'Confidential Collection Case', '1333389041', '0', '76561198149154231'),
('440', '2', '4398857777', 1, 'Confidential Collection Case', '1333389041', '0', '76561198149154231'),
('440', '2', '4398857120', 1, 'Yellow Summer 2013 Cooler Series #64', '170951631', '11040545', '76561198149154231'),
('440', '2', '4398857250', 1, 'Summer Appetizer Crate Series #61', '170947901', '0', '76561198149154231'),
('440', '2', '4398857261', 1, 'Summer Appetizer Crate Series #61', '170947901', '0', '76561198149154231'),
('440', '2', '4398857267', 1, 'Summer Appetizer Crate Series #61', '170947901', '0', '76561198149154231'),
('440', '2', '4398857331', 1, 'Limited Late Summer Crate Series #86', '597486714', '0', '76561198149154231'),
('440', '2', '4398857326', 1, 'Limited Late Summer Crate Series #86', '597486714', '0', '76561198149154231'),
('440', '2', '4398857323', 1, 'Limited Late Summer Crate Series #86', '597486714', '0', '76561198149154231'),
('440', '2', '4398857317', 1, 'Limited Late Summer Crate Series #86', '597486714', '0', '76561198149154231'),
('440', '2', '4398857831', 1, 'The Powerhouse Weapons Case', '1101018958', '0', '76561198149154231'),
('440', '2', '4398857882', 1, 'The Powerhouse Weapons Case', '1101018958', '0', '76561198149154231'),
('440', '2', '4398857228', 1, 'Robo Community Crate Series #58', '170947905', '151825975', '76561198149154231'),
('440', '2', '4398857229', 1, 'Robo Community Crate Series #58', '170947905', '151825973', '76561198149154231'),
('440', '2', '4398857235', 1, 'Robo Community Crate Series #58', '170947905', '0', '76561198149154231'),
('440', '2', '4398857211', 1, 'Robo Community Crate Series #58', '170947905', '0', '76561198149154231'),
('440', '2', '4398857221', 1, 'Robo Community Crate Series #58', '170947905', '0', '76561198149154231'),
('440', '2', '4398857313', 1, 'Mann Co. Strongbox Series #81', '285664870', '0', '76561198149154231'),
('440', '2', '4398857310', 1, 'Mann Co. Strongbox Series #81', '285664870', '0', '76561198149154231'),
('440', '2', '4398857184', 1, 'Mann Co. Supply Crate Series #45', '55988093', '11041863', '76561198149154231'),
('440', '2', '4398857135', 1, 'Mann Co. Supply Crate Series #47', '79961472', '0', '76561198149154231'),
('440', '2', '4398857134', 1, 'Mann Co. Supply Crate Series #47', '79961472', '0', '76561198149154231'),
('440', '2', '4398857160', 1, 'Mann Co. Supply Crate Series #47', '79961472', '0', '76561198149154231'),
('440', '2', '4398857140', 1, 'Mann Co. Supply Crate Series #49', '88784647', '11041863', '76561198149154231'),
('440', '2', '4398857142', 1, 'Mann Co. Supply Crate Series #49', '88784647', '11041863', '76561198149154231'),
('440', '2', '4398857147', 1, 'Mann Co. Supply Crate Series #49', '88784647', '11041863', '76561198149154231'),
('440', '2', '4398857154', 1, 'Mann Co. Supply Crate Series #49', '88784647', '11041863', '76561198149154231'),
('440', '2', '4398857165', 1, 'Mann Co. Supply Crate Series #49', '88784647', '11041863', '76561198149154231'),
('440', '2', '4398857167', 1, 'Mann Co. Supply Crate Series #54', '107365632', '0', '76561198149154231'),
('440', '2', '4398857173', 1, 'Mann Co. Supply Crate Series #55', '107369237', '11041863', '76561198149154231'),
('440', '2', '4398857177', 1, 'Mann Co. Supply Crate Series #55', '107369237', '11041863', '76561198149154231'),
('440', '2', '4398857190', 1, 'Mann Co. Supply Crate Series #55', '107369237', '11041863', '76561198149154231'),
('440', '2', '4398857196', 1, 'Mann Co. Supply Crate Series #55', '107369237', '11041863', '76561198149154231'),
('440', '2', '4398857206', 1, 'Mann Co. Supply Crate Series #55', '107369237', '11041863', '76561198149154231'),
('440', '2', '4398857215', 1, 'Mann Co. Supply Crate Series #56', '170947899', '11041863', '76561198149154231'),
('440', '2', '4398857256', 1, 'Mann Co. Supply Crate Series #56', '170947899', '11041863', '76561198149154231'),
('440', '2', '4398857273', 1, 'Mann Co. Supply Crate Series #56', '170947899', '11041863', '76561198149154231'),
('440', '2', '4398857198', 1, 'Mann Co. Supply Crate Series #56', '170947899', '11041863', '76561198149154231'),
('440', '2', '4398857223', 1, 'Mann Co. Supply Crate Series #56', '170947899', '221580207', '76561198149154231'),
('440', '2', '4398857247', 1, 'Mann Co. Supply Crate Series #57', '170947906', '0', '76561198149154231'),
('440', '2', '4398857240', 1, 'Mann Co. Supply Crate Series #57', '170947906', '0', '76561198149154231'),
('440', '2', '4398857282', 1, 'Mann Co. Supply Crate Series #57', '170947906', '0', '76561198149154231'),
('440', '2', '4398857286', 1, 'Mann Co. Supply Crate Series #59', '170947907', '11041863', '76561198149154231'),
('440', '2', '4398857292', 1, 'Mann Co. Supply Crate Series #75', '248426140', '0', '76561198149154231'),
('440', '2', '4398857300', 1, 'Mann Co. Supply Crate Series #76', '248427266', '0', '76561198149154231'),
('440', '2', '4398857024', 1, 'Mann Co. Supply Crate Series #76', '248427266', '0', '76561198149154231'),
('440', '2', '4398857288', 1, 'Mann Co. Supply Crate Series #76', '248427266', '0', '76561198149154231'),
('440', '2', '4398857031', 1, 'Mann Co. Supply Crate Series #77', '248425794', '0', '76561198149154231'),
('440', '2', '4398857009', 1, 'Mann Co. Supply Crate Series #77', '248425794', '0', '76561198149154231'),
('440', '2', '4398857003', 1, 'Mann Co. Stockpile Crate', '629372183', '0', '76561198149154231'),
('440', '2', '4398856996', 1, 'Mann Co. Stockpile Crate', '784902000', '0', '76561198149154231'),
('440', '2', '4398856984', 1, 'Mann Co. Stockpile Crate', '629372186', '0', '76561198149154231'),
('440', '2', '4398857081', 1, 'Mann Co. Supply Munition Series #82', '414905317', '0', '76561198149154231'),
('440', '2', '4398857037', 1, 'Mann Co. Supply Munition Series #82', '414905317', '0', '76561198149154231'),
('440', '2', '4398857042', 1, 'Mann Co. Supply Munition Series #82', '414905317', '566915310', '76561198149154231'),
('440', '2', '4398857117', 1, 'Mann Co. Supply Munition Series #82', '414905317', '0', '76561198149154231'),
('440', '2', '4398857078', 1, 'Mann Co. Supply Munition Series #84', '559263463', '0', '76561198149154231'),
('440', '2', '4398857056', 1, 'Mann Co. Supply Munition Series #84', '559263463', '0', '76561198149154231'),
('440', '2', '4398857065', 1, 'Mann Co. Supply Munition Series #84', '559263463', '0', '76561198149154231'),
('440', '2', '4398857068', 1, 'Mann Co. Supply Munition Series #84', '559263463', '0', '76561198149154231'),
('440', '2', '4398857104', 1, 'Mann Co. Supply Munition Series #84', '559263463', '0', '76561198149154231'),
('440', '2', '4398857089', 1, 'Mann Co. Supply Munition Series #85', '559260655', '0', '76561198149154231'),
('440', '2', '4398857092', 1, 'Mann Co. Supply Munition Series #85', '559260655', '0', '76561198149154231'),
('440', '2', '4398857046', 1, 'Mann Co. Supply Munition Series #85', '559260655', '567776382', '76561198149154231'),
('440', '2', '4398857051', 1, 'Mann Co. Supply Munition Series #85', '559260655', '0', '76561198149154231'),
('440', '2', '4398857113', 1, 'Mann Co. Supply Munition Series #85', '559260655', '0', '76561198149154231'),
('440', '2', '4398857599', 1, 'Mann Co. Supply Munition Series #90', '780630690', '0', '76561198149154231'),
('440', '2', '4398856970', 1, 'Mann Co. Supply Munition Series #90', '780630690', '0', '76561198149154231'),
('440', '2', '4398856966', 1, 'Mann Co. Supply Munition Series #90', '780630690', '0', '76561198149154231'),
('440', '2', '4398857494', 1, 'Mann Co. Supply Munition Series #90', '780630690', '0', '76561198149154231'),
('440', '2', '4398857958', 1, 'Mann Co. Supply Munition Series #90', '780630690', '0', '76561198149154231'),
('440', '2', '4398857854', 1, 'Mann Co. Supply Munition Series #90', '780630690', '0', '76561198149154231'),
('440', '2', '4398857467', 1, 'Mann Co. Supply Munition Series #91', '780650846', '0', '76561198149154231'),
('440', '2', '4398857472', 1, 'Mann Co. Supply Munition Series #91', '780650846', '0', '76561198149154231'),
('440', '2', '4398857477', 1, 'Mann Co. Supply Munition Series #91', '780650846', '0', '76561198149154231'),
('440', '2', '4398857520', 1, 'Mann Co. Supply Munition Series #91', '780650846', '0', '76561198149154231'),
('440', '2', '4398857940', 1, 'Mann Co. Supply Munition Series #91', '780650846', '0', '76561198149154231'),
('440', '2', '4398857550', 1, 'Mann Co. Supply Munition Series #91', '780650846', '0', '76561198149154231'),
('440', '2', '4398857614', 1, 'Mann Co. Supply Munition Series #91', '780650846', '0', '76561198149154231'),
('440', '2', '4398857649', 1, 'Mann Co. Supply Munition Series #91', '780650846', '0', '76561198149154231'),
('440', '2', '4398856974', 1, 'Mann Co. Supply Munition Series #91', '780650846', '0', '76561198149154231'),
('440', '2', '4398857747', 1, 'Mann Co. Supply Munition Series #91', '780650846', '0', '76561198149154231'),
('440', '2', '4398857787', 1, 'Mann Co. Supply Munition Series #91', '780650846', '0', '76561198149154231'),
('440', '2', '4398857631', 1, 'Mann Co. Supply Munition Series #92', '861706979', '0', '76561198149154231'),
('440', '2', '4398857876', 1, 'Mann Co. Supply Munition Series #92', '861706979', '0', '76561198149154231'),
('440', '2', '4398857502', 1, 'Mann Co. Supply Munition Series #92', '861706979', '1123585073', '76561198149154231'),
('440', '2', '4398857824', 1, 'Mann Co. Supply Munition Series #92', '861706979', '0', '76561198149154231'),
('440', '2', '4398857021', 1, 'Naughty Winter Crate 2013 Series #78', '248425796', '0', '76561198149154231'),
('440', '2', '4398857013', 1, 'Naughty Winter Crate 2013 Series #78', '248425796', '0', '76561198149154231'),
('440', '2', '4398856956', 1, 'Naughty Winter Crate 2013 Series #78', '248425796', '0', '76561198149154231'),
('440', '2', '4398857295', 1, 'Nice Winter Crate 2013 Series #79', '248426141', '0', '76561198149154231'),
('440', '2', '4398856960', 1, 'Nice Winter Crate 2013 Series #79', '248426141', '0', '76561198149154231'),
('440', '2', '4398857306', 1, 'Nice Winter Crate 2013 Series #79', '248426141', '0', '76561198149154231'),
('440', '2', '4398857434', 1, 'Naughty Winter Crate 2014 Series #88', '671123595', '0', '76561198149154231'),
('440', '2', '4398857424', 1, 'Naughty Winter Crate 2014 Series #88', '671123595', '0', '76561198149154231'),
('440', '2', '4398857431', 1, 'Naughty Winter Crate 2014 Series #88', '671123595', '0', '76561198149154231'),
('440', '2', '4398857439', 1, 'Naughty Winter Crate 2014 Series #88', '671123595', '0', '76561198149154231'),
('440', '2', '4398857462', 1, 'Naughty Winter Crate 2014 Series #88', '671123595', '0', '76561198149154231'),
('440', '2', '4398857126', 1, 'Naughty Winter Crate 2014 Series #88', '671123595', '0', '76561198149154231'),
('440', '2', '4398857105', 1, 'Naughty Winter Crate 2014 Series #88', '671123595', '0', '76561198149154231'),
('440', '2', '4398856982', 1, 'Naughty Winter Crate 2014 Series #88', '671123595', '0', '76561198149154231'),
('440', '2', '4398857406', 1, 'Nice Winter Crate 2014 Series #89', '671123851', '0', '76561198149154231'),
('440', '2', '4398857412', 1, 'Nice Winter Crate 2014 Series #89', '671123851', '0', '76561198149154231'),
('440', '2', '4398857418', 1, 'Nice Winter Crate 2014 Series #89', '671123851', '0', '76561198149154231'),
('440', '2', '4398857130', 1, 'Nice Winter Crate 2014 Series #89', '671123851', '0', '76561198149154231'),
('440', '2', '4398857449', 1, 'Nice Winter Crate 2014 Series #89', '671123851', '0', '76561198149154231'),
('440', '2', '4398857459', 1, 'Nice Winter Crate 2014 Series #89', '671123851', '0', '76561198149154231'),
('440', '2', '4398856962', 1, 'Nice Winter Crate 2014 Series #89', '671123851', '0', '76561198149154231'),
('440', '2', '8675555068', 1, 'Backpack Expander', '101787939', '11040578', '76561198149154231'),
('440', '2', '8675555069', 1, 'Backpack Expander', '101787939', '11040783', '76561198149154231'),
('440', '2', '8675555067', 1, 'Backpack Expander', '101787939', '11042043', '76561198149154231'),
('440', '2', '8675555065', 1, 'Backpack Expander', '101787939', '11042043', '76561198149154231'),
('440', '2', '8675555066', 1, 'Backpack Expander', '101787939', '11040783', '76561198149154231'),
('440', '2', '2673783911', 1, 'The Candy Cane', '121', '0', '76561198124042350'),
('440', '2', '2723675375', 1, 'The Scotsmans Skullcutter', '336', '0', '76561198124042350'),
('440', '2', '3479289034', 1, 'The Festive Sandvich', '107348660', '11040671', '76561198124042350'),
('440', '2', '4214432895', 1, 'The Loch-n-Load', '122', '0', '76561198124042350'),
('440', '2', '4807684919', 1, 'Antique Annihilator Minigun (Field-Tested)', '1096266809', '1096263353', '76561198124042350'),
('440', '2', '4216037458', 1, 'Final Frontiersman', '1333460477', '11042091', '76561198124042350'),
('440', '2', '3940180312', 1, 'The Scorch Shot', '62839550', '1173622695', '76561198124042350'),
('440', '2', '4267868651', 1, 'The Boston Basher', '80', '0', '76561198124042350'),
('440', '2', '3468801628', 1, 'Hunter Heavy', '664582435', '11041133', '76561198124042350'),
('440', '2', '2499750069', 1, 'The Shahanshah', '166', '0', '76561198124042350'),
('440', '2', '4214534418', 1, 'Detonator', '163', '0', '76561198124042350'),
('440', '2', '4163152389', 1, 'The Rocket Jumper', '10936', '0', '76561198124042350'),
('440', '2', '4217169417', 1, 'Bonk! Atomic Punch', '67', '0', '76561198124042350'),
('440', '2', '2733717007', 1, 'The Black Box', '91', '519237242', '76561198124042350'),
('440', '2', '3878473503', 1, 'SafenSound', '93083', '19420608', '76561198124042350'),
('440', '2', '2598369080', 1, 'The Reserve Shooter', '317', '0', '76561198124042350'),
('440', '2', '3514373113', 1, 'The Mantreads', '151', '0', '76561198124042350'),
('440', '2', '2459106483', 1, 'The Half-Zatoichi', '159', '0', '76561198124042350'),
('440', '2', '2567444835', 1, 'The Loose Cannon', '107343645', '0', '76561198124042350'),
('440', '2', '3998905844', 1, 'The Market Gardener', '218', '0', '76561198124042350'),
('440', '2', '2447306840', 1, 'The Scottish Resistance', '97', '0', '76561198124042350'),
('440', '2', '2497620866', 1, 'The Sticky Jumper', '9230923', '0', '76561198124042350'),
('440', '2', '4216510318', 1, 'The Amputator', '72', '0', '76561198124042350'),
('440', '2', '4346141179', 1, 'The Huo-Long Heater', '70976276', '11040771', '76561198124042350'),
('440', '2', '4247660669', 1, 'The Huntsman', '137', '0', '76561198124042350'),
('440', '2', '4252695464', 1, 'Nessies Nine Iron', '1616', '0', '76561198124042350'),
('440', '2', '4164133762', 1, 'The Diamondback', '760689', '0', '76561198124042350'),
('440', '2', '4222219847', 1, 'The Widowmaker', '765040', '0', '76561198124042350'),
('440', '2', '2889538875', 1, 'The Cloak and Dagger', '780611810', '11040578', '76561198124042350'),
('440', '2', '2453312381', 1, 'The Fists of Steel', '164', '0', '76561198124042350'),
('440', '2', '4076743984', 1, 'The B.A.S.E. Jumper', '510471899', '11042681', '76561198124042350'),
('440', '2', '4123641452', 1, 'The Wrangler', '59', '0', '76561198124042350'),
('440', '2', '4217137014', 1, 'The Medical Mystery', '211447740', '1311826539', '76561198124042350'),
('440', '2', '2553519686', 1, 'The Homewrecker', '100', '0', '76561198124042350'),
('440', '2', '2753030932', 1, 'LEtranger', '123', '0', '76561198124042350'),
('440', '2', '4033487810', 1, 'The Big Earner', '221', '0', '76561198124042350'),
('440', '2', '2534374951', 1, 'The Spy-cicle', '22991811', '0', '76561198124042350'),
('440', '2', '3319250149', 1, 'Noise Maker - Winter Holiday', '22989188', '0', '76561198124042350'),
('440', '2', '4127526447', 1, 'Your Eternal Reward', '156', '0', '76561198124042350'),
('440', '2', '4207876426', 1, 'The B.M.O.C.', '26692939', '27432524', '76561198124042350'),
('440', '2', '2734018959', 1, 'The Splendid Screen', '303', '0', '76561198124042350'),
('440', '2', '4209993526', 1, 'The Claidheamh Mòr', '127', '0', '76561198124042350'),
('440', '2', '4216212049', 1, 'Physicians Procedure Mask', '59961', '101198065', '76561198124042350'),
('440', '2', '4140920666', 1, 'The Tribalmans Shiv', '158', '0', '76561198124042350'),
('440', '2', '3999430392', 1, 'The Buffalo Steak Sandvich', '145', '0', '76561198124042350'),
('440', '2', '4264262340', 1, 'The Warriors Spirit', '160', '0', '76561198124042350'),
('440', '2', '2838127879', 1, 'The Bazaar Bargain', '228', '0', '76561198124042350'),
('440', '2', '2993567482', 1, 'The Manmelter', '22989257', '0', '76561198124042350'),
('440', '2', '4339899111', 1, 'Killstreak Bread Bite', '510798492', '13531122', '76561198124042350'),
('440', '2', '4054932760', 1, 'The Lunatics Leathers', '510481768', '11041092', '76561198124042350'),
('440', '2', '2786363640', 1, 'The Brass Beast', '111', '0', '76561198124042350'),
('440', '2', '4095504606', 1, 'The Vita-Saw', '140', '0', '76561198124042350'),
('440', '2', '4336106333', 1, 'The Overdose', '157', '0', '76561198124042350'),
('440', '2', '3598676942', 1, 'Pyromancers Mask', '393348', '19209001', '76561198124042350'),
('440', '2', '2691978843', 1, 'The Disciplinary Action', '853', '0', '76561198124042350'),
('440', '2', '3320925133', 1, 'The Iron Bomber', '680833746', '681100071', '76561198124042350'),
('440', '2', '4217166994', 1, 'The Physicians Protector', '1240825131', '11042668', '76561198124042350'),
('440', '2', '3878467003', 1, 'The Bigg Mann on Campus', '191846962', '11040988', '76561198124042350'),
('440', '2', '2719471279', 1, 'The Classic', '510471916', '11041116', '76561198124042350'),
('440', '2', '4207896908', 1, 'The Wrap Assassin', '22991900', '0', '76561198124042350'),
('440', '2', '4336149519', 1, 'The Back Scratcher', '162', '0', '76561198124042350'),
('440', '2', '3311049567', 1, 'North Polar Fleece', '664581225', '11041975', '76561198124042350'),
('440', '2', '2723608098', 1, 'Genuine Pip-Boy', '11040835', '11040552', '76561198124042350'),
('440', '2', '2723608037', 1, 'Voodoo-Cursed Heavy Soul', '92549353', '11040545', '76561198124042350'),
('440', '2', '4297260466', 1, 'The Buff Banner', '371', '0', '76561198124042350'),
('440', '2', '4070667995', 1, 'Bills Hat', '241', '19175356', '76561198124042350'),
('440', '2', '2806986704', 1, 'Handymans Handle', '188034', '497984282', '76561198124042350'),
('440', '2', '4021220378', 1, 'Specialized Killstreak Team Sprayer SMG (Minimal Wear)', '1118710913', '1096263353', '76561198124042350'),
('440', '2', '2731201663', 1, 'Graybanns', '191847430', '11041573', '76561198124042350'),
('440', '2', '4048199031', 1, 'Unusual Pyros Beanie', '11369985', '19246120', '76561198124042350'),
('440', '2', '2731307019', 1, 'The Holy Mackerel', '780611960', '11040578', '76561198124042350'),
('440', '2', '2731307017', 1, 'The Bat Outta Hell', '780611990', '11040578', '76561198124042350'),
('440', '2', '2943532844', 1, 'The Sharp Dresser', '21935856', '504669424', '76561198124042350'),
('440', '2', '3322281278', 1, 'The Tide Turner', '780611714', '11045716', '76561198124042350'),
('440', '2', '3314011144', 1, 'The Flying Guillotine', '780611683', '11042430', '76561198124042350'),
('440', '2', '4141632191', 1, 'The Eviction Notice', '421', '0', '76561198124042350'),
('440', '2', '4303291878', 1, 'A Head Full of Hot Air', '1333430992', '11041975', '76561198124042350'),
('440', '2', '4032953247', 1, 'The Short Circuit', '764579', '0', '76561198124042350'),
('440', '2', '4023446327', 1, 'Strange Ambassador', '1336074237', '11041958', '76561198124042350'),
('440', '2', '3589689426', 1, 'Pyromancers Hood', '682097222', '11041629', '76561198124042350'),
('440', '2', '2755623396', 1, 'German Gonzila', '539462', '143066209', '76561198124042350'),
('440', '2', '4118426927', 1, 'The Conscientious Objector', '8851037', '0', '76561198124042350'),
('440', '2', '4296944680', 1, 'The Back Scatter', '510472127', '11043378', '76561198124042350'),
('440', '2', '2759037311', 1, 'Connivers Kunai', '96', '0', '76561198124042350'),
('440', '2', '3917514483', 1, 'The Dogfighter', '367388261', '11040933', '76561198124042350'),
('440', '2', '4268164824', 1, 'The Rainblower', '62839549', '0', '76561198124042350'),
('440', '2', '4226201674', 1, 'Strange Professional Killstreak Australium Axtinguisher', '1336098603', '276967277', '76561198124042350'),
('440', '2', '2808276475', 1, 'The Fan OWar', '105', '0', '76561198124042350'),
('440', '2', '4339899084', 1, 'Fortunate Son', '1240832845', '11042091', '76561198124042350'),
('440', '2', '2763551735', 1, 'The Jag', '87', '0', '76561198124042350'),
('440', '2', '2778142340', 1, 'The Original', '22355', '0', '76561198124042350'),
('440', '2', '2838607783', 1, 'The Cozy Camper', '44368206', '0', '76561198124042350'),
('440', '2', '4293474427', 1, 'Pink Elephant Stickybomb Launcher (Factory New)', '1101145225', '11040671', '76561198124042350'),
('440', '2', '4195025530', 1, 'The Eureka Effect', '22989256', '0', '76561198124042350'),
('440', '2', '2783033766', 1, 'The Rocket Jumper', '10936', '0', '76561198124042350'),
('440', '2', '2792895593', 1, 'The B.A.S.E. Jumper', '510471899', '11041897', '76561198124042350'),
('440', '2', '2781053069', 1, 'The Pomson 6000', '22989260', '0', '76561198124042350'),
('440', '2', '2786410250', 1, 'The Quick-Fix', '153', '0', '76561198124042350'),
('440', '2', '2793605160', 1, 'The Peaceniks Ponytail', '510473134', '11043698', '76561198124042350'),
('440', '2', '4015566949', 1, 'Specialized Killstreak Rustic Ruiner Shotgun (Field-Tested)', '1108312421', '1096263353', '76561198124042350'),
('440', '2', '2793619673', 1, 'The Belgian Detective', '170964498', '11043376', '76561198124042350'),
('440', '2', '2795660036', 1, 'The Rescue Ranger', '780611789', '11042269', '76561198124042350'),
('440', '2', '4336306526', 1, 'Frontier Justice', '102', '0', '76561198124042350'),
('440', '2', '4054244842', 1, 'Tricksters Turnout Gear', '211447748', '11040591', '76561198124042350'),
('440', '2', '2889960042', 1, 'Baby Faces Blaster', '62839540', '73651412', '76561198124042350'),
('440', '2', '2892268516', 1, 'The Bootlegger', '8848515', '73651412', '76561198124042350'),
('440', '2', '3845608704', 1, 'The Righteous Bison', '1617', '0', '76561198124042350'),
('440', '2', '3860147794', 1, 'Earbuds', '52575', '11040903', '76561198124042350'),
('440', '2', '4339899080', 1, 'Flak Jack', '1240816491', '11041910', '76561198124042350'),
('440', '2', '4323676884', 1, 'The Ullapool Caber', '109', '0', '76561198124042350'),
('440', '2', '3410224024', 1, 'Strange Marksmans Mohair', '1336079082', '179718866', '76561198124042350'),
('440', '2', '2857792528', 1, 'The Powerjack', '113', '0', '76561198124042350'),
('440', '2', '4236496394', 1, 'The Sun-on-a-Stick', '5025670', '0', '76561198124042350'),
('440', '2', '4011352088', 1, 'The Family Business', '146', '0', '76561198124042350'),
('440', '2', '4216036897', 1, 'Gloves of Running Urgently', '95', '0', '76561198124042350'),
('440', '2', '4079885822', 1, 'Sharpened Volcano Fragment', '5024568', '0', '76561198124042350'),
('440', '2', '4010734955', 1, 'The Atomizer', '219', '0', '76561198124042350'),
('440', '2', '3065894849', 1, 'The Medicine Manpurse', '510472860', '11040570', '76561198124042350'),
('440', '2', '3999286087', 1, 'The Red-Tape Recorder', '70976279', '11041032', '76561198124042350'),
('440', '2', '4056379381', 1, 'Darwins Danger Shield', '73', '0', '76561198124042350'),
('440', '2', '4150485660', 1, 'Natascha', '82', '0', '76561198124042350'),
('440', '2', '3394907936', 1, 'The Escape Plan', '62839556', '0', '76561198124042350'),
('440', '2', '4207869165', 1, 'The Space Diver', '1333493987', '11044758', '76561198124042350'),
('440', '2', '4054244853', 1, 'Old Country Revolver (Field-Tested)', '1096265792', '1096263353', '76561198124042350'),
('440', '2', '3467175788', 1, 'Genuine Specialized Killstreak Three-Rune Blade', '239872550', '11040559', '76561198124042350'),
('440', '2', '2895809013', 1, 'Genuine Ham Shank', '149161674', '11040552', '76561198124042350'),
('440', '2', '2895289177', 1, 'Genuine Foppish Physician', '88783763', '19178496', '76561198124042350'),
('440', '2', '2895119953', 1, 'Genuine Distinguished Rogue', '88783762', '11040552', '76561198124042350'),
('440', '2', '4021313186', 1, 'Genuine Doublecross-Comm', '65955380', '19174551', '76561198124042350'),
('440', '2', '4233894063', 1, 'Phobos Filter', '1333439683', '11044102', '76561198124042350'),
('440', '2', '3413443767', 1, 'The Triggermans Tacticals', '510473068', '656695659', '76561198124042350'),
('440', '2', '3886966151', 1, 'Strange Double Dynamite', '1336085521', '1385005721', '76561198124042350'),
('440', '2', '3445766114', 1, 'Bombers Bucket Hat', '664581766', '19193510', '76561198124042350'),
('440', '2', '3051729226', 1, 'The Little Bear', '414901239', '11043275', '76561198124042350'),
('440', '2', '3479721885', 1, 'The Classified Coif', '510475016', '11041244', '76561198124042350'),
('440', '2', '2976545520', 1, 'Silver Bullets', '13530981', '13534026', '76561198124042350'),
('440', '2', '3067963777', 1, 'Spellbook Magazine', '221473245', '11042276', '76561198124042350'),
('440', '2', '4048732353', 1, 'The Last Breath', '101791813', '11040578', '76561198124042350'),
('440', '2', '3330725213', 1, 'The Panic Attack', '680833747', '682664940', '76561198124042350'),
('440', '2', '4339898317', 1, 'The Bruisers Bandanna', '510475015', '11043547', '76561198124042350'),
('440', '2', '4095284085', 1, 'Genuine Specialized Killstreak AWPer Hand', '345247163', '11040552', '76561198124042350'),
('440', '2', '3330730569', 1, 'The Quickiebomb Launcher', '680833745', '519237242', '76561198124042350'),
('440', '2', '3455117392', 1, 'The Balloonicorn', '62839541', '11040671', '76561198124042350'),
('440', '2', '8419966878', 1, 'Winter 2019 Cosmetic Case', '3629500009', '0', '76561198124042350'),
('440', '2', '4045285858', 1, 'The Milkman', '48657', '11041411', '76561198124042350'),
('440', '2', '3246489940', 1, 'Bullet Buzz', '597705974', '11042334', '76561198124042350'),
('440', '2', '3424089207', 1, 'Genuine Anger', '11041117', '11040552', '76561198124042350'),
('440', '2', '3249530219', 1, 'The Frickin Sweet Ninja Hood', '510473609', '11043430', '76561198124042350'),
('440', '2', '3249540826', 1, 'The Southie Shinobi', '510472065', '11041020', '76561198124042350'),
('440', '2', '3249633770', 1, 'The Red Socks', '510474461', '11041116', '76561198124042350'),
('440', '2', '3589745437', 1, 'The Cute Suit', '343393596', '822683105', '76561198124042350'),
('440', '2', '3311015776', 1, 'Coldsnap Cap', '664581992', '11041651', '76561198124042350'),
('440', '2', '3471964449', 1, 'Face Full of Festive', '260683834', '11043566', '76561198124042350'),
('440', '2', '3509556361', 1, 'The Lollichop', '62839548', '11041942', '76561198124042350'),
('440', '2', '4347665768', 1, 'Reclaimed Metal', '5564', '11040547', '76561198124042350'),
('440', '2', '4345661753', 1, 'Refined Metal', '2674', '11040547', '76561198124042350'),
('440', '2', '4347852997', 1, 'Refined Metal', '2674', '11040547', '76561198124042350'),
('440', '2', '4346148248', 1, 'Refined Metal', '2674', '11040547', '76561198124042350'),
('440', '2', '4345663267', 1, 'Refined Metal', '2674', '11040547', '76561198124042350'),
('440', '2', '4345636789', 1, 'Refined Metal', '2674', '11040547', '76561198124042350'),
('440', '2', '4342693605', 1, 'Refined Metal', '2674', '11040547', '76561198124042350'),
('440', '2', '4226197748', 1, 'Refined Metal', '2674', '11040547', '76561198124042350'),
('440', '2', '4226197819', 1, 'Refined Metal', '2674', '11040547', '76561198124042350'),
('440', '2', '4226197778', 1, 'Refined Metal', '2674', '11040547', '76561198124042350'),
('440', '2', '4226197794', 1, 'Refined Metal', '2674', '11040547', '76561198124042350'),
('440', '2', '4226197809', 1, 'Refined Metal', '2674', '11040547', '76561198124042350'),
('440', '2', '4339560432', 1, 'Refined Metal', '2674', '11040547', '76561198124042350'),
('440', '2', '4339899004', 1, 'Refined Metal', '2674', '11040547', '76561198124042350'),
('440', '2', '4339899129', 1, 'Refined Metal', '2674', '11040547', '76561198124042350'),
('440', '2', '4339898995', 1, 'Refined Metal', '2674', '11040547', '76561198124042350'),
('440', '2', '4340311756', 1, 'Refined Metal', '2674', '11040547', '76561198124042350'),
('440', '2', '4340311740', 1, 'Refined Metal', '2674', '11040547', '76561198124042350'),
('440', '2', '4340311747', 1, 'Refined Metal', '2674', '11040547', '76561198124042350'),
('440', '2', '4340311773', 1, 'Refined Metal', '2674', '11040547', '76561198124042350'),
('440', '2', '4340311762', 1, 'Refined Metal', '2674', '11040547', '76561198124042350'),
('440', '2', '4339560417', 1, 'Refined Metal', '2674', '11040547', '76561198124042350'),
('440', '2', '4340389261', 1, 'Refined Metal', '2674', '11040547', '76561198124042350'),
('440', '2', '4340389267', 1, 'Refined Metal', '2674', '11040547', '76561198124042350'),
('440', '2', '4340389296', 1, 'Refined Metal', '2674', '11040547', '76561198124042350'),
('440', '2', '4340389312', 1, 'Refined Metal', '2674', '11040547', '76561198124042350'),
('440', '2', '4340389288', 1, 'Refined Metal', '2674', '11040547', '76561198124042350'),
('440', '2', '4340389276', 1, 'Refined Metal', '2674', '11040547', '76561198124042350'),
('440', '2', '4345636785', 1, 'Refined Metal', '2674', '11040547', '76561198124042350'),
('440', '2', '4345952785', 1, 'Refined Metal', '2674', '11040547', '76561198124042350'),
('440', '2', '8419966879', 1, 'Winter 2019 War Paint Case', '3629500010', '0', '76561198124042350'),
('440', '2', '4324039573', 1, 'The Sandman', '104', '0', '76561198124042350'),
('440', '2', '4216287152', 1, 'The Dalokohs Bar', '117', '0', '76561198124042350'),
('440', '2', '4335713109', 1, 'The Eyelander', '132', '0', '76561198124042350'),
('440', '2', '4288108826', 1, 'The Third Degree', '22989261', '0', '76561198124042350'),
('440', '2', '8419966880', 1, 'Spooky Spoils Case', '3554730729', '0', '76561198124042350'),
('440', '2', '8420543432', 1, 'The Fan OWar', '105', '0', '76561198124042350'),
('440', '2', '8422758402', 1, 'Winter 2019 Cosmetic Case', '3629500009', '0', '76561198124042350'),
('440', '2', '4347276272', 1, 'Quarantined Collection Case', '1333407163', '0', '76561198124042350'),
('440', '2', '4356408219', 1, 'Bonk! Atomic Punch', '67', '0', '76561198124042350'),
('440', '2', '8422758403', 1, 'Winter 2019 War Paint Case', '3629500010', '0', '76561198124042350'),
('440', '2', '8451431100', 1, 'Winter 2019 Cosmetic Case', '3629500009', '0', '76561198124042350'),
('440', '2', '8451431101', 1, 'Winter 2019 War Paint Case', '3629500010', '0', '76561198124042350'),
('440', '2', '8746034251', 1, 'Winter 2019 War Paint Case', '3629500010', '0', '76561198124042350'),
('440', '2', '8746034250', 1, 'Winter 2019 Cosmetic Case', '3629500009', '0', '76561198124042350'),
('440', '2', '4339899153', 1, 'The Golden Garment', '260681639', '20029696', '76561198124042350'),
('440', '2', '4339898379', 1, 'The Tin-1000', '73648970', '73676283', '76561198124042350'),
('440', '2', '4339898370', 1, 'The Bolshevik Biker', '170979469', '753285698', '76561198124042350'),
('440', '2', '4339898473', 1, 'The U-clank-a', '73653587', '73660044', '76561198124042350'),
('440', '2', '4339898892', 1, 'Strange Killstreak Winger', '1336077429', '11040852', '76561198124042350'),
('440', '2', '4339898907', 1, 'The Ornament Armament', '22992753', '1238993983', '76561198124042350'),
('440', '2', '4339898899', 1, 'Horrific Headsplitter', '9464773', '139835370', '76561198124042350'),
('440', '2', '4339898911', 1, 'Strange Neon Annihilator', '1336074048', '62843034', '76561198124042350'),
('440', '2', '4339902345', 1, 'Strange Huo-Long Heater', '1336077435', '62848000', '76561198124042350'),
('440', '2', '4339898454', 1, 'Professionals Ushanka', '681171361', '11040861', '76561198124042350'),
('440', '2', '4339898447', 1, 'Strange Bushwacka', '1336074187', '11040852', '76561198124042350'),
('440', '2', '4339898430', 1, 'Strange Jarate', '1336074091', '11040852', '76561198124042350'),
('440', '2', '4336011312', 1, 'Ali Babas Wee Booties', '148', '0', '76561198124042350'),
('440', '2', '4339898417', 1, 'The Nunhood', '260678056', '286737410', '76561198124042350'),
('440', '2', '4339898920', 1, 'Strange Pain Train', '1336077250', '11040852', '76561198124042350'),
('440', '2', '4335737274', 1, 'Lurkers Leathers', '1240823501', '11040861', '76561198124042350'),
('440', '2', '4339898873', 1, 'Strange Silver Botkiller Rocket Launcher Mk.II', '1336076967', '74041787', '76561198124042350'),
('440', '2', '4339898881', 1, 'Genuine Fortified Compound', '414899567', '11040552', '76561198124042350'),
('440', '2', '4339898987', 1, 'Strange Snow Stompers', '1336077750', '62850259', '76561198124042350'),
('440', '2', '4339898979', 1, 'Forest Fire Flame Thrower (Minimal Wear)', '1101085173', '11040671', '76561198124042350'),
('440', '2', '4339898573', 1, 'Strange Killstreak Solemn Vow', '1336080025', '11040852', '76561198124042350'),
('440', '2', '4339898560', 1, 'Strange Killstreak Ubersaw', '1336077627', '11040852', '76561198124042350'),
('440', '2', '3403176339', 1, 'Festive Bonk! Atomic Punch', '680876401', '11040671', '76561198124042350'),
('440', '2', '4339898538', 1, 'The Boston Boom-Bringer', '36760050', '11040878', '76561198124042350'),
('440', '2', '4339898598', 1, 'The Heat of Winter', '343394238', '11043461', '76561198124042350'),
('440', '2', '4339898528', 1, 'Killstreak Festive Holy Mackerel', '248603826', '11040671', '76561198124042350'),
('440', '2', '4339898400', 1, 'The Belgian Detective', '170964498', '1008883707', '76561198124042350'),
('440', '2', '4339898410', 1, 'The Blood Banker', '170971518', '359480131', '76561198124042350'),
('440', '2', '4339898588', 1, 'Blighted Beak', '52709', '1231192323', '76561198124042350'),
('440', '2', '4339898863', 1, 'The Gunboats', '90', '0', '76561198124042350'),
('440', '2', '4339899106', 1, 'Strange Mad Milk', '1336074089', '11040852', '76561198124042350'),
('440', '2', '4339898925', 1, 'Strange Concheror', '1336074180', '11040852', '76561198124042350'),
('440', '2', '4339899119', 1, 'Local Hero Pistol (Well-Worn)', '1096266807', '1096263353', '76561198124042350'),
('440', '2', '4339898350', 1, 'The Outback Intellectual', '22997450', '20262014', '76561198124042350'),
('440', '2', '4339899163', 1, 'The Point and Shoot', '21939837', '22089791', '76561198124042350'),
('440', '2', '4217174887', 1, 'A Head Full of Hot Air', '1333430992', '11040750', '76561198124042350'),
('440', '2', '4339898932', 1, 'Strange Enforcer', '1336077083', '11040852', '76561198124042350'),
('440', '2', '4339899157', 1, 'Strange Silver Botkiller Sniper Rifle Mk.I', '1336077695', '75130457', '76561198124042350'),
('440', '2', '4339898360', 1, 'The Classified Coif', '510475016', '585912331', '76561198124042350'),
('440', '2', '4339899063', 1, 'The Vascular Vestment', '1240830337', '11041651', '76561198124042350'),
('440', '2', '4335752394', 1, 'Killstreak Killing Gloves of Boxing', '237418776', '11040545', '76561198124042350'),
('440', '2', '4339898953', 1, 'Strange Shovel', '1336077541', '11040852', '76561198124042350'),
('440', '2', '4339898942', 1, 'Lightning Rod Shotgun (Minimal Wear)', '1101058346', '11040671', '76561198124042350'),
('440', '2', '4339899162', 1, 'The Macho Mann', '170965015', '11041637', '76561198124042350'),
('440', '2', '4340329475', 1, 'Endothermic Exowear', '510474096', '586294459', '76561198124042350'),
('440', '2', '4339898387', 1, 'The Quäckenbirdt', '99666074', '1021949696', '76561198124042350'),
('440', '2', '4324629873', 1, 'Strange Festive Ubersaw', '1336078550', '11046556', '76561198124042350'),
('440', '2', '3321903099', 1, 'Festive Jarate', '681158519', '11042635', '76561198124042350'),
('440', '2', '4339898548', 1, 'Strange Festive Bonk! Atomic Punch', '1336074263', '11041590', '76561198124042350'),
('440', '2', '3244254025', 1, 'Festive Wrangler', '260675739', '11041266', '76561198124042350'),
('440', '2', '3269278798', 1, 'Festive Sapper', '260676661', '11042118', '76561198124042350'),
('440', '2', '4054370595', 1, 'Killstreak Festive Frontier Justice', '249892749', '11040671', '76561198124042350'),
('440', '2', '4091051928', 1, 'Killstreak Festive Huntsman', '248596414', '11040671', '76561198124042350'),
('440', '2', '3455210293', 1, 'Taunt: Pool Party', '664582470', '11042730', '76561198124042350'),
('440', '2', '2905962679', 1, 'Strange Pretty Boys Pocket Pistol', '1336077122', '332805', '76561198124042350'),
('440', '2', '3468832434', 1, 'Strange Silver Botkiller Wrench Mk.I', '1336079222', '91036608', '76561198124042350'),
('440', '2', '3466211340', 1, 'Strange Silver Botkiller Medi Gun Mk.II', '1336077589', '83974545', '76561198124042350'),
('440', '2', '4043343820', 1, 'Strange Specialized Killstreak Shortstop', '1336284407', '61339436', '76561198124042350'),
('440', '2', '4108325773', 1, 'Strange Professional Killstreak Degreaser', '1336284409', '590460744', '76561198124042350'),
('440', '2', '4021226384', 1, 'Strange Specialized Killstreak Sniper Rifle', '1336284411', '1404685945', '76561198124042350'),
('440', '2', '3850978991', 1, 'Strange Soda Popper', '1336284412', '11071422', '76561198124042350'),
('440', '2', '3887558333', 1, 'Strange Mad Milk', '1336074089', '11053241', '76561198124042350'),
('440', '2', '4339899015', 1, 'Strange Flare Gun', '1336074271', '11040852', '76561198124042350'),
('440', '2', '4031995660', 1, 'Strange Specialized Killstreak Kukri', '1336090763', '11044036', '76561198124042350'),
('440', '2', '2895809040', 1, 'Strange Liberty Launcher', '1336074267', '11051620', '76561198124042350'),
('440', '2', '3917534324', 1, 'Strange Apoco-Fists', '1336073995', '11041364', '76561198124042350'),
('440', '2', '4036519056', 1, 'Strange Specialized Killstreak Festive Holy Mackerel', '1336284414', '11044105', '76561198124042350'),
('440', '2', '4048143703', 1, 'Strange Stickybomb Launcher', '1336077419', '11041145', '76561198124042350'),
('440', '2', '3898702758', 1, 'Strange Grenade Launcher', '1336074258', '11054465', '76561198124042350'),
('440', '2', '4079473062', 1, 'Strange Specialized Killstreak Direct Hit', '1336074077', '11049497', '76561198124042350'),
('440', '2', '3311646343', 1, 'Strange Cleaners Carbine', '1336074002', '331810', '76561198124042350'),
('440', '2', '3280512055', 1, 'Strange Persian Persuader', '1336074105', '11095674', '76561198124042350'),
('440', '2', '3426173709', 1, 'Strange Phlogistinator', '1336083028', '198679783', '76561198124042350'),
('440', '2', '3917710926', 1, 'Strange Pistol', '1336138715', '46098860', '76561198124042350'),
('440', '2', '4339898584', 1, 'Strange Killstreak Crusaders Crossbow', '1336078833', '11042101', '76561198124042350'),
('440', '2', '4339898605', 1, 'Strange Specialized Killstreak Rust Botkiller Stickybomb Launcher Mk.I', '1336268093', '74041787', '76561198124042350'),
('440', '2', '8818593797', 1, 'Spooky Spoils Case', '3554730729', '0', '76561198095413743'),
('440', '2', '8807540622', 1, 'Scrap Metal', '2675', '11040547', '76561198095413743'),
('440', '2', '8807540793', 1, 'Scrap Metal', '2675', '11040547', '76561198095413743'),
('440', '2', '8807540624', 1, 'Scrap Metal', '2675', '11040547', '76561198095413743'),
('440', '2', '8807540623', 1, 'Scrap Metal', '2675', '11040547', '76561198095413743'),
('440', '2', '8807540792', 1, 'Scrap Metal', '2675', '11040547', '76561198095413743'),
('440', '2', '8807540938', 1, 'Reclaimed Metal', '5564', '11040547', '76561198095413743'),
('440', '2', '8807540936', 1, 'Reclaimed Metal', '5564', '11040547', '76561198095413743'),
('440', '2', '8807540435', 1, 'Reclaimed Metal', '5564', '11040547', '76561198095413743'),
('440', '2', '8807540436', 1, 'Reclaimed Metal', '5564', '11040547', '76561198095413743'),
('440', '2', '8805162860', 1, 'Reclaimed Metal', '5564', '11040547', '76561198095413743'),
('440', '2', '8807540937', 1, 'Reclaimed Metal', '5564', '11040547', '76561198095413743'),
('440', '2', '8235896242', 1, 'Refined Metal', '2674', '11040547', '76561198095413743'),
('440', '2', '8235896230', 1, 'Refined Metal', '2674', '11040547', '76561198095413743'),
('440', '2', '8235896217', 1, 'Refined Metal', '2674', '11040547', '76561198095413743'),
('440', '2', '8235896205', 1, 'Refined Metal', '2674', '11040547', '76561198095413743'),
('440', '2', '8235896118', 1, 'Refined Metal', '2674', '11040547', '76561198095413743'),
('440', '2', '8235896105', 1, 'Refined Metal', '2674', '11040547', '76561198095413743'),
('440', '2', '8675533996', 1, 'Specialized Killstreak Big Kill Kit Fabricator', '1125055255', '239550546', '76561198095413743'),
('440', '2', '8675534018', 1, 'Specialized Killstreak Southern Hospitality Kit Fabricator', '644342298', '239876422', '76561198095413743'),
('440', '2', '8675534043', 1, 'Specialized Killstreak Neon Annihilator Kit Fabricator', '1488511994', '240032243', '76561198095413743'),
('440', '2', '8675534061', 1, 'Specialized Killstreak Original Kit Fabricator', '3125344185', '240277026', '76561198095413743'),
('440', '2', '8675534084', 1, 'Specialized Killstreak Huntsman Kit Fabricator', '3775215312', '240542925', '76561198095413743'),
('440', '2', '8663752766', 1, 'Spooky Spoils Case', '3554730729', '0', '76561198095413743'),
('440', '2', '8807311670', 1, 'Spooky Spoils Case', '3554730729', '0', '76561198095413743'),
('440', '2', '8807311709', 1, 'Spooky Spoils Case', '3554730729', '0', '76561198095413743'),
('440', '2', '8219861186', 1, 'Spooky Spoils Case', '3554730729', '0', '76561198095413743'),
('440', '2', '4976589952', 1, 'Mayflower Cosmetic Case', '1714158497', '0', '76561198095413743'),
('440', '2', '4936269376', 1, 'Mayflower Cosmetic Case', '1714158497', '0', '76561198095413743'),
('440', '2', '5639108800', 1, 'Mayflower Cosmetic Case', '1714158497', '0', '76561198095413743'),
('440', '2', '4995862074', 1, 'Mayflower Cosmetic Case', '1714158497', '0', '76561198095413743'),
('440', '2', '5347205447', 1, 'Mayflower Cosmetic Case', '1714158497', '0', '76561198095413743'),
('440', '2', '4918541864', 1, 'Mayflower Cosmetic Case', '1714158497', '0', '76561198095413743'),
('440', '2', '5892009181', 1, 'Rainy Day Cosmetic Case', '2292321893', '0', '76561198095413743'),
('440', '2', '5996858331', 1, 'Rainy Day Cosmetic Case', '2292321893', '0', '76561198095413743'),
('440', '2', '5994600066', 1, 'Rainy Day Cosmetic Case', '2292321893', '0', '76561198095413743'),
('440', '2', '5897789371', 1, 'Rainy Day Cosmetic Case', '2292321893', '0', '76561198095413743'),
('440', '2', '7966862011', 1, 'Summer 2019 Cosmetic Case', '3429676940', '0', '76561198095413743'),
('440', '2', '8165390443', 1, 'Summer 2019 Cosmetic Case', '3429676940', '0', '76561198095413743'),
('440', '2', '8192517024', 1, 'Summer 2019 Cosmetic Case', '3429676940', '0', '76561198095413743'),
('440', '2', '4473795682', 1, 'Mann Co. Supply Munition Series #90', '780630690', '0', '76561198095413743'),
('440', '2', '4894366045', 1, 'Mann Co. Supply Munition Series #91', '780650846', '0', '76561198095413743'),
('440', '2', '4433116737', 1, 'Mann Co. Supply Munition Series #92', '861706979', '0', '76561198095413743'),
('440', '2', '5626486735', 1, 'Mann Co. Supply Munition Series #92', '861706979', '0', '76561198095413743'),
('440', '2', '5524985317', 1, 'Mann Co. Supply Munition Series #92', '861706979', '0', '76561198095413743'),
('440', '2', '5650537584', 1, 'Mann Co. Supply Munition Series #92', '861706979', '0', '76561198095413743'),
('440', '2', '4495714104', 1, 'Mann Co. Supply Munition Series #92', '861706979', '0', '76561198095413743'),
('440', '2', '4882056887', 1, 'Mann Co. Supply Munition Series #92', '861706979', '0', '76561198095413743'),
('440', '2', '5192718614', 1, 'Mann Co. Supply Munition Series #92', '861706979', '0', '76561198095413743'),
('440', '2', '4983508343', 1, 'Mann Co. Supply Munition Series #103', '1848848533', '0', '76561198095413743'),
('440', '2', '5037319630', 1, 'Mann Co. Supply Munition Series #103', '1848848533', '0', '76561198095413743'),
('440', '2', '5440778695', 1, 'Mann Co. Supply Munition Series #103', '1848848533', '0', '76561198095413743'),
('440', '2', '5250163515', 1, 'Mann Co. Supply Munition Series #103', '1848848533', '0', '76561198095413743'),
('440', '2', '5310395843', 1, 'Mann Co. Supply Munition Series #103', '1848848533', '0', '76561198095413743'),
('440', '2', '5307587299', 1, 'Mann Co. Supply Munition Series #103', '1848848533', '0', '76561198095413743'),
('440', '2', '5290597031', 1, 'Mann Co. Supply Munition Series #103', '1848848533', '0', '76561198095413743'),
('440', '2', '5199236079', 1, 'Mann Co. Supply Munition Series #103', '1848848533', '0', '76561198095413743'),
('440', '2', '7931512389', 1, 'Winter 2018 Cosmetic Case', '3119078049', '0', '76561198095413743'),
('440', '2', '7929316048', 1, 'Winter 2018 Cosmetic Case', '3119078049', '0', '76561198095413743'),
('440', '2', '8663752764', 1, 'Winter 2019 Cosmetic Case', '3629500009', '0', '76561198095413743'),
('440', '2', '8667098425', 1, 'Winter 2019 Cosmetic Case', '3629500009', '0', '76561198095413743'),
('440', '2', '8667098426', 1, 'Winter 2019 War Paint Case', '3629500010', '0', '76561198095413743'),
('440', '2', '8663752765', 1, 'Winter 2019 War Paint Case', '3629500010', '0', '76561198095413743'),
('440', '2', '7932831208', 1, 'Woodsy Widowmaker Mk.II War Paint (Field-Tested)', '2569766478', '11040671', '76561198095413743'),
('440', '2', '7932831049', 1, 'Autumn Mk.II War Paint (Battle Scarred)', '2569755050', '11040671', '76561198095413743'),
('440', '2', '7932827219', 1, 'Macabre Web Mk.II War Paint (Field-Tested)', '2569769212', '11040671', '76561198095413743'),
('440', '2', '7932830856', 1, 'Plaid Potshotter Mk.II War Paint (Field-Tested)', '2569646814', '11040671', '76561198095413743'),
('440', '2', '7932826764', 1, 'Smalltown Bringdown Mk.II War Paint (Well-Worn)', '2570095102', '11040671', '76561198095413743'),
('440', '2', '7932827518', 1, 'Nutcracker Mk.II War Paint (Field-Tested)', '2569905136', '11040671', '76561198095413743'),
('440', '2', '7932830722', 1, 'Civic Duty Mk.II War Paint (Factory New)', '2569680145', '2579547759', '76561198095413743'),
('440', '2', '7935147318', 1, 'Civil Servant Mk.II War Paint (Minimal Wear)', '2569672098', '11040671', '76561198095413743'),
('440', '2', '7935147667', 1, 'Civil Servant Mk.II War Paint (Minimal Wear)', '2569672098', '11040671', '76561198095413743'),
('440', '2', '7935147865', 1, 'Civic Duty Mk.II War Paint (Minimal Wear)', '2569612782', '11040671', '76561198095413743'),
('440', '2', '7935148104', 1, 'Civil Servant Mk.II War Paint (Field-Tested)', '2569631999', '11040671', '76561198095413743'),
('440', '2', '7935149111', 1, 'Civic Duty Mk.II War Paint (Factory New)', '2569680145', '11040671', '76561198095413743'),
('440', '2', '7935149331', 1, 'Civic Duty Mk.II War Paint (Field-Tested)', '2569645959', '11040671', '76561198095413743'),
('440', '2', '4020939458', 1, 'Noise Maker - Winter Holiday', '22989188', '0', '76561198095413743'),
('440', '2', '4020939310', 1, 'Noise Maker - Winter Holiday', '22989188', '0', '76561198095413743'),
('440', '2', '8671567576', 1, 'Reinforced Robot Emotion Detector', '237182231', '73651412', '76561198095413743'),
('440', '2', '8668865243', 1, 'Reinforced Robot Emotion Detector', '237182231', '73651412', '76561198095413743'),
('440', '2', '8668865217', 1, 'Reinforced Robot Emotion Detector', '237182231', '73651412', '76561198095413743'),
('440', '2', '8668865188', 1, 'Reinforced Robot Emotion Detector', '237182231', '73651412', '76561198095413743'),
('440', '2', '8668865290', 1, 'Reinforced Robot Emotion Detector', '237182231', '73651412', '76561198095413743'),
('440', '2', '8668865093', 1, 'Reinforced Robot Humor Suppression Pump', '237182230', '73651412', '76561198095413743'),
('440', '2', '8668865347', 1, 'Reinforced Robot Humor Suppression Pump', '237182230', '73651412', '76561198095413743'),
('440', '2', '8668865314', 1, 'Reinforced Robot Humor Suppression Pump', '237182230', '73651412', '76561198095413743'),
('440', '2', '8668865257', 1, 'Reinforced Robot Humor Suppression Pump', '237182230', '73651412', '76561198095413743'),
('440', '2', '8668865330', 1, 'Reinforced Robot Humor Suppression Pump', '237182230', '73651412', '76561198095413743'),
('440', '2', '8668865020', 1, 'Reinforced Robot Humor Suppression Pump', '237182230', '73651412', '76561198095413743'),
('440', '2', '8668865048', 1, 'Reinforced Robot Humor Suppression Pump', '237182230', '73651412', '76561198095413743'),
('440', '2', '8668865009', 1, 'Reinforced Robot Bomb Stabilizer', '237182586', '73651412', '76561198095413743'),
('440', '2', '8671567574', 1, 'Reinforced Robot Bomb Stabilizer', '237182586', '73651412', '76561198095413743'),
('440', '2', '8671420776', 1, 'Reinforced Robot Bomb Stabilizer', '237182586', '73651412', '76561198095413743'),
('440', '2', '8668865365', 1, 'Reinforced Robot Bomb Stabilizer', '237182586', '73651412', '76561198095413743'),
('440', '2', '8668865278', 1, 'Reinforced Robot Bomb Stabilizer', '237182586', '73651412', '76561198095413743'),
('440', '2', '8668865174', 1, 'Reinforced Robot Bomb Stabilizer', '237182586', '73651412', '76561198095413743'),
('440', '2', '8668865164', 1, 'Reinforced Robot Bomb Stabilizer', '237182586', '73651412', '76561198095413743'),
('440', '2', '8668865140', 1, 'Reinforced Robot Bomb Stabilizer', '237182586', '73651412', '76561198095413743'),
('440', '2', '8668865125', 1, 'Reinforced Robot Bomb Stabilizer', '237182586', '73651412', '76561198095413743'),
('440', '2', '8668865101', 1, 'Reinforced Robot Bomb Stabilizer', '237182586', '73651412', '76561198095413743'),
('440', '2', '8668865074', 1, 'Reinforced Robot Bomb Stabilizer', '237182586', '73651412', '76561198095413743'),
('440', '2', '8668865034', 1, 'Reinforced Robot Bomb Stabilizer', '237182586', '73651412', '76561198095413743'),
('440', '2', '4020939299', 1, 'Spellbook Magazine', '221473245', '11041075', '76561198095413743'),
('440', '2', '8236407474', 1, 'Taunt: Flippin Awesome', '510474996', '11043324', '76561198095413743'),
('440', '2', '8236412627', 1, 'Taunt: Rock, Paper, Scissors', '514396540', '11041799', '76561198095413743'),
('440', '2', '8236407418', 1, 'Taunt: Oblooterated', '510475002', '11045061', '76561198095413743'),
('440', '2', '8236402007', 1, 'Taunt: The Schadenfreude', '514396544', '11040578', '76561198095413743'),
('440', '2', '8236407481', 1, 'Taunt: Rancho Relaxo', '514396547', '11042047', '76561198095413743'),
('440', '2', '8236407458', 1, 'Taunt: Results Are In', '510475006', '11041265', '76561198095413743'),
('440', '2', '8236407430', 1, 'Taunt: Battin a Thousand', '510474991', '11045785', '76561198095413743'),
('440', '2', '8236407467', 1, 'Taunt: Deep Fried Desire', '510474994', '11044905', '76561198095413743'),
('440', '2', '8236407448', 1, 'Taunt: I See You', '510474998', '11041133', '76561198095413743'),
('440', '2', '8236407436', 1, 'Taunt: Fresh Brewed Victory', '510474997', '11042635', '76561198095413743'),
('440', '2', '8236412633', 1, 'Taunt: Fresh Brewed Victory', '514396558', '11042934', '76561198095413743'),
('440', '2', '8663876687', 1, 'Tour of Duty Ticket', '101785317', '11040578', '76561198095413743'),
('440', '2', '8663876659', 1, 'Tour of Duty Ticket', '101785317', '11040578', '76561198095413743'),
('440', '2', '8663876610', 1, 'Tour of Duty Ticket', '101785317', '11040578', '76561198095413743'),
('440', '2', '8663876539', 1, 'Tour of Duty Ticket', '101785317', '11040578', '76561198095413743'),
('440', '2', '8663876442', 1, 'Tour of Duty Ticket', '101785317', '11040578', '76561198095413743'),
('440', '2', '8663876508', 1, 'Tour of Duty Ticket', '101785317', '11040578', '76561198095413743'),
('440', '2', '8663876727', 1, 'Tour of Duty Ticket', '101785317', '11040578', '76561198095413743'),
('440', '2', '8663876773', 1, 'Tour of Duty Ticket', '101785317', '11040578', '76561198095413743'),
('440', '2', '4340412733', 1, 'Dueling Mini-Game', '2852', '11040767', '76561198095413743'),
('440', '2', '4020941750', 1, 'Dueling Mini-Game', '134', '0', '76561198095413743'),
('440', '2', '7930098076', 1, 'Dueling Mini-Game', '134', '0', '76561198095413743'),
('440', '2', '4020941767', 1, 'Dueling Mini-Game', '134', '0', '76561198095413743'),
('440', '2', '4020939103', 1, 'Power Up Canteen', '73625845', '560113585', '76561198095413743'),
('440', '2', '4020939063', 1, 'Power Up Canteen', '73625845', '965224712', '76561198095413743'),
('440', '2', '8192609423', 1, 'The Scotsmans Skullcutter', '336', '0', '76561198095413743'),
('440', '2', '8668716068', 1, 'The Atomizer', '219', '0', '76561198095413743'),
('440', '2', '7929626466', 1, 'The Atomizer', '219', '0', '76561198095413743'),
('440', '2', '8667595863', 1, 'The Wrap Assassin', '22991900', '73651411', '76561198095413743'),
('440', '2', '8192606546', 1, 'The Wrap Assassin', '22991900', '0', '76561198095413743'),
('440', '2', '8192606780', 1, 'The Boston Basher', '80', '0', '76561198095413743'),
('440', '2', '8192606837', 1, 'The Candy Cane', '121', '0', '76561198095413743'),
('440', '2', '5997053153', 1, 'The Sandman', '104', '0', '76561198095413743'),
('440', '2', '8192609693', 1, 'The Battalions Backup', '136', '0', '76561198095413743'),
('440', '2', '8663947801', 1, 'The Buff Banner', '371', '0', '76561198095413743'),
('440', '2', '5650545017', 1, 'The Buff Banner', '371', '0', '76561198095413743'),
('440', '2', '8229238876', 1, 'The Buff Banner', '371', '0', '76561198095413743'),
('440', '2', '8192609320', 1, 'The Amputator', '72', '0', '76561198095413743'),
('440', '2', '8226400448', 1, 'The Ubersaw', '324', '0', '76561198095413743'),
('440', '2', '8668564774', 1, 'The Ubersaw', '324', '0', '76561198095413743'),
('440', '2', '5642762441', 1, 'The Ubersaw', '324', '0', '76561198095413743'),
('440', '2', '8192609510', 1, 'The Vita-Saw', '140', '0', '76561198095413743'),
('440', '2', '8192609440', 1, 'The Solemn Vow', '147', '0', '76561198095413743'),
('440', '2', '8192606848', 1, 'The Flying Guillotine', '70976274', '11042555', '76561198095413743'),
('440', '2', '8192609632', 1, 'The Shahanshah', '166', '0', '76561198095413743'),
('440', '2', '8192609354', 1, 'The Bushwacka', '135', '0', '76561198095413743'),
('440', '2', '8192606579', 1, 'The Fortified Compound', '414900126', '0', '76561198095413743'),
('440', '2', '4020939319', 1, 'The Huntsman', '780612001', '11040578', '76561198095413743'),
('440', '2', '5642762431', 1, 'Crusaders Crossbow', '210', '0', '76561198095413743'),
('440', '2', '8166140746', 1, 'Crusaders Crossbow', '210', '0', '76561198095413743'),
('440', '2', '7929468381', 1, 'Crusaders Crossbow', '210', '0', '76561198095413743'),
('440', '2', '8668832912', 1, 'Crusaders Crossbow', '210', '0', '76561198095413743'),
('440', '2', '8192606806', 1, 'The Lollichop', '62839548', '11043483', '76561198095413743'),
('440', '2', '8192609419', 1, 'The Third Degree', '22989261', '0', '76561198095413743'),
('440', '2', '5650545056', 1, 'The Axtinguisher', '86', '0', '76561198095413743'),
('440', '2', '8192606697', 1, 'The Dragons Fury', '2569578442', '11044060', '76561198095413743'),
('440', '2', '8192609721', 1, 'The Holy Mackerel', '150', '73651412', '76561198095413743'),
('440', '2', '8667595715', 1, 'The Holy Mackerel', '150', '73651412', '76561198095413743'),
('440', '2', '8192609769', 1, 'The Holiday Punch', '22994923', '0', '76561198095413743'),
('440', '2', '8192606570', 1, 'The Phlogistinator', '22989259', '0', '76561198095413743'),
('440', '2', '8664374104', 1, 'The Phlogistinator', '22989259', '73651412', '76561198095413743'),
('440', '2', '4020938517', 1, 'The Rainblower', '780611677', '11040578', '76561198095413743'),
('440', '2', '8192606678', 1, 'The Degreaser', '45', '0', '76561198095413743'),
('440', '2', '8215509393', 1, 'The Backburner', '129', '0', '76561198095413743'),
('440', '2', '5650545079', 1, 'The Backburner', '129', '0', '76561198095413743'),
('440', '2', '7935177653', 1, 'The Scorch Shot', '62839550', '0', '76561198095413743'),
('440', '2', '8192606590', 1, 'Detonator', '163', '0', '76561198095413743'),
('440', '2', '8192606504', 1, 'The Cow Mangler 5000', '229', '0', '76561198095413743'),
('440', '2', '4020941411', 1, 'The Frying Pan', '312', '11040552', '76561198095413743'),
('440', '2', '7930499709', 1, 'The Back Scratcher', '162', '0', '76561198095413743'),
('440', '2', '8192609489', 1, 'The Eviction Notice', '421', '0', '76561198095413743'),
('440', '2', '8165545941', 1, 'The Fists of Steel', '164', '0', '76561198095413743'),
('440', '2', '5650545008', 1, 'The Fists of Steel', '164', '0', '76561198095413743'),
('440', '2', '5997053137', 1, 'The Killing Gloves of Boxing', '125', '0', '76561198095413743'),
('440', '2', '5650545125', 1, 'Gloves of Running Urgently', '95', '0', '76561198095413743'),
('440', '2', '8236815043', 1, 'The Warriors Spirit', '160', '0', '76561198095413743'),
('440', '2', '7929743430', 1, 'The Warriors Spirit', '160', '0', '76561198095413743'),
('440', '2', '8192609465', 1, 'Nessies Nine Iron', '1616', '0', '76561198095413743'),
('440', '2', '8192609329', 1, 'The Loch-n-Load', '122', '0', '76561198095413743'),
('440', '2', '8192609405', 1, 'The Loose Cannon', '107343645', '0', '76561198095413743'),
('440', '2', '8236815054', 1, 'The Iron Bomber', '680833746', '11041941', '76561198095413743'),
('440', '2', '8192606652', 1, 'The Fan OWar', '105', '0', '76561198095413743'),
('440', '2', '8667320599', 1, 'The Manmelter', '22989257', '0', '76561198095413743'),
('440', '2', '8192606552', 1, 'The Manmelter', '22989257', '0', '76561198095413743'),
('440', '2', '8668758221', 1, 'The Pomson 6000', '22989260', '73651412', '76561198095413743'),
('440', '2', '8192609499', 1, 'The Pomson 6000', '22989260', '0', '76561198095413743'),
('440', '2', '8667374037', 1, 'The Pomson 6000', '22989260', '73651412', '76561198095413743'),
('440', '2', '8192606720', 1, 'The Righteous Bison', '1617', '0', '76561198095413743'),
('440', '2', '8192586125', 1, 'Strange Jarate', '1336074091', '11048811', '76561198095413743'),
('440', '2', '5650545060', 1, 'Mad Milk', '84', '0', '76561198095413743'),
('440', '2', '8192609707', 1, 'The Big Earner', '221', '0', '76561198095413743'),
('440', '2', '8192542286', 1, 'Your Eternal Reward', '156', '0', '76561198095413743'),
('440', '2', '8192609871', 1, 'Connivers Kunai', '96', '0', '76561198095413743'),
('440', '2', '7931791564', 1, 'The Spy-cicle', '22991811', '0', '76561198095413743'),
('440', '2', '7930388230', 1, 'The Wrangler', '59', '0', '76561198095413743'),
('440', '2', '8192609393', 1, 'The Buffalo Steak Sandvich', '145', '0', '76561198095413743'),
('440', '2', '8664322266', 1, 'The Buffalo Steak Sandvich', '145', '0', '76561198095413743'),
('440', '2', '5892038059', 1, 'Bonk! Atomic Punch', '67', '0', '76561198095413743'),
('440', '2', '5650545039', 1, 'Bonk! Atomic Punch', '67', '0', '76561198095413743'),
('440', '2', '4020938280', 1, 'The Sandvich', '130', '11040578', '76561198095413743'),
('440', '2', '8192606561', 1, 'Crit-a-Cola', '120', '0', '76561198095413743'),
('440', '2', '8192609805', 1, 'The Second Banana', '2569630574', '0', '76561198095413743'),
('440', '2', '8192609479', 1, 'The Dalokohs Bar', '117', '0', '76561198095413743'),
('440', '2', '7966949413', 1, 'The Postal Pummeler', '819', '0', '76561198095413743'),
('440', '2', '8192606794', 1, 'The Pain Train', '54', '0', '76561198095413743'),
('440', '2', '5650545062', 1, 'The Kritzkrieg', '47', '0', '76561198095413743'),
('440', '2', '5000723768', 1, 'Strange Silver Botkiller Medi Gun Mk.II', '1336268089', '3920274331', '76561198095413743'),
('440', '2', '5639171746', 1, 'The Quick-Fix', '153', '0', '76561198095413743'),
('440', '2', '8234500676', 1, 'The Quick-Fix', '153', '0', '76561198095413743'),
('440', '2', '5650565804', 1, 'The Vaccinator', '107343650', '0', '76561198095413743'),
('440', '2', '5898241760', 1, 'The Brass Beast', '111', '0', '76561198095413743'),
('440', '2', '8192609737', 1, 'The Huo-Long Heater', '70976276', '11041941', '76561198095413743'),
('440', '2', '5639171771', 1, 'Tomislav', '144', '0', '76561198095413743'),
('440', '2', '8263912845', 1, 'Natascha', '82', '0', '76561198095413743'),
('440', '2', '5997053129', 1, 'Natascha', '82', '0', '76561198095413743'),
('440', '2', '8234583410', 1, 'The B.A.S.E. Jumper', '510471899', '11043333', '76561198095413743'),
('440', '2', '8192606539', 1, 'The Equalizer', '81', '0', '76561198095413743'),
('440', '2', '8226212562', 1, 'The Escape Plan', '62839556', '0', '76561198095413743'),
('440', '2', '8215648467', 1, 'The Escape Plan', '62839556', '0', '76561198095413743'),
('440', '2', '5650545051', 1, 'The Scottish Resistance', '97', '0', '76561198095413743'),
('440', '2', '4020938241', 1, 'The Scottish Resistance', '97', '11040578', '76561198095413743'),
('440', '2', '8192609827', 1, 'The Quickiebomb Launcher', '680833745', '11041058', '76561198095413743'),
('440', '2', '4020938225', 1, 'The Sticky Jumper', '780610932', '11040578', '76561198095413743'),
('440', '2', '5894121021', 1, 'Pretty Boys Pocket Pistol', '62839542', '0', '76561198095413743'),
('440', '2', '8671422496', 1, 'Pretty Boys Pocket Pistol', '62839542', '0', '76561198095413743'),
('440', '2', '5639295636', 1, 'The Winger', '225', '0', '76561198095413743'),
('440', '2', '5650545123', 1, 'The Diamondback', '760689', '0', '76561198095413743'),
('440', '2', '8192609620', 1, 'The Enforcer', '149', '0', '76561198095413743'),
('440', '2', '8664452357', 1, 'The Enforcer', '149', '0', '76561198095413743'),
('440', '2', '4020938291', 1, 'LEtranger', '780611919', '11040578', '76561198095413743'),
('440', '2', '8667491616', 1, 'LEtranger', '123', '0', '76561198095413743'),
('440', '2', '4020939331', 1, 'The Ambassador', '780611722', '11040578', '76561198095413743'),
('440', '2', '8226395297', 1, 'Strange Killstreak Revolver', '1336077403', '11041145', '76561198095413743'),
('440', '2', '5650545090', 1, 'The Disciplinary Action', '853', '0', '76561198095413743'),
('440', '2', '8192609305', 1, 'Sharpened Volcano Fragment', '5024568', '0', '76561198095413743'),
('440', '2', '8192609550', 1, 'The Sun-on-a-Stick', '5025670', '0', '76561198095413743'),
('440', '2', '8192609380', 1, 'The Short Circuit', '764579', '0', '76561198095413743'),
('440', '2', '5650545083', 1, 'The Gunslinger', '155', '0', '76561198095413743'),
('440', '2', '8668834137', 1, 'The Gunslinger', '155', '73651412', '76561198095413743'),
('440', '2', '8238985267', 1, 'The Beggars Bazooka', '62839545', '11041920', '76561198095413743'),
('440', '2', '8192606499', 1, 'The Beggars Bazooka', '62839545', '11047376', '76561198095413743'),
('440', '2', '5994692107', 1, 'The Liberty Launcher', '139', '0', '76561198095413743'),
('440', '2', '8668659339', 1, 'The Liberty Launcher', '139', '73651412', '76561198095413743'),
('440', '2', '7929355139', 1, 'The Black Box', '91', '0', '76561198095413743'),
('440', '2', '5650545108', 1, 'The Black Box', '91', '0', '76561198095413743'),
('440', '2', '5650545101', 1, 'The Direct Hit', '118', '0', '76561198095413743'),
('440', '2', '8215593729', 1, 'The Air Strike', '510471973', '11043275', '76561198095413743'),
('440', '2', '8192606510', 1, 'The Air Strike', '510471973', '11043333', '76561198095413743'),
('440', '2', '8192606519', 1, 'The Air Strike', '510471973', '11043333', '76561198095413743'),
('440', '2', '8671567569', 1, 'The Rocket Jumper', '10936', '73651412', '76561198095413743'),
('440', '2', '8192606602', 1, 'The Thermal Thruster', '2569630430', '11042707', '76561198095413743'),
('440', '2', '8192637286', 1, 'The Thermal Thruster', '2569630430', '11041908', '76561198095413743'),
('440', '2', '8315435542', 1, 'The Soda Popper', '377', '0', '76561198095413743'),
('440', '2', '5650545093', 1, 'The Soda Popper', '377', '0', '76561198095413743'),
('440', '2', '5650544999', 1, 'The Force-A-Nature', '108', '0', '76561198095413743'),
('440', '2', '8192606629', 1, 'The Back Scatter', '510472127', '11040563', '76561198095413743'),
('440', '2', '8192606526', 1, 'Baby Faces Blaster', '62839540', '0', '76561198095413743'),
('440', '2', '8671567657', 1, 'The Widowmaker', '765040', '73651411', '76561198095413743'),
('440', '2', '5650545023', 1, 'The Widowmaker', '765040', '0', '76561198095413743'),
('440', '2', '8192606623', 1, 'The Reserve Shooter', '317', '0', '76561198095413743'),
('440', '2', '8667960545', 1, 'The Family Business', '146', '73651412', '76561198095413743'),
('440', '2', '8192609457', 1, 'The Family Business', '146', '0', '76561198095413743'),
('440', '2', '5650545032', 1, 'Frontier Justice', '102', '0', '76561198095413743'),
('440', '2', '7929993604', 1, 'The Rescue Ranger', '107343647', '11046434', '76561198095413743'),
('440', '2', '5639171733', 1, 'The Rescue Ranger', '107343647', '11043379', '76561198095413743'),
('440', '2', '5639171790', 1, 'The Market Gardener', '218', '0', '76561198095413743'),
('440', '2', '5892067580', 1, 'The Conscientious Objector', '8851037', '2356952363', '76561198095413743'),
('440', '2', '8192606818', 1, 'The Neon Annihilator', '70976278', '11419130', '76561198095413743'),
('440', '2', '4153144624', 1, 'The Bat Outta Hell', '92538049', '0', '76561198095413743'),
('440', '2', '8667874906', 1, 'The Hot Hand', '2569780702', '11041941', '76561198095413743'),
('440', '2', '8215648475', 1, 'The Hot Hand', '2569780702', '11042658', '76561198095413743'),
('440', '2', '5650545043', 1, 'The Powerjack', '113', '0', '76561198095413743'),
('440', '2', '8671567647', 1, 'The Powerjack', '113', '73651411', '76561198095413743'),
('440', '2', '8192586132', 1, 'Strange Powerjack', '2121881496', '11040852', '76561198095413743'),
('440', '2', '5650545115', 1, 'The Homewrecker', '100', '0', '76561198095413743'),
('440', '2', '8192609750', 1, 'The Cleaners Carbine', '62839546', '0', '76561198095413743'),
('440', '2', '8192606618', 1, 'The Classic', '510471916', '73850152', '76561198095413743'),
('440', '2', '8664475541', 1, 'The Machina', '762372', '73651412', '76561198095413743'),
('440', '2', '7934211306', 1, 'The Machina', '762372', '0', '76561198095413743'),
('440', '2', '4020938483', 1, 'The Machina', '780611958', '682242893', '76561198095413743'),
('440', '2', '8229353920', 1, 'The Machina', '762372', '0', '76561198095413743'),
('440', '2', '8192609446', 1, 'The Hitmans Heatmaker', '62839547', '0', '76561198095413743'),
('440', '2', '8229288131', 1, 'Strange Killstreak Sydney Sleeper', '1336079944', '11042932', '76561198095413743'),
('440', '2', '8192609842', 1, 'The Sydney Sleeper', '152', '0', '76561198095413743'),
('440', '2', '8667231056', 1, 'The Half-Zatoichi', '159', '73651412', '76561198095413743'),
('440', '2', '8215432467', 1, 'The Half-Zatoichi', '159', '0', '76561198095413743'),
('440', '2', '8192606645', 1, 'The Half-Zatoichi', '159', '0', '76561198095413743'),
('440', '2', '5639171778', 1, 'The Concheror', '101', '0', '76561198095413743'),
('440', '2', '8671420771', 1, 'The Red-Tape Recorder', '70976279', '73933214', '76561198095413743'),
('440', '2', '8192609606', 1, 'The Red-Tape Recorder', '70976279', '11041011', '76561198095413743'),
('440', '2', '8238709335', 1, 'The Ullapool Caber', '109', '0', '76561198095413743'),
('440', '2', '7931621081', 1, 'The Ullapool Caber', '109', '0', '76561198095413743'),
('440', '2', '8192609526', 1, 'The Claidheamh Mòr', '127', '0', '76561198095413743'),
('440', '2', '8192609591', 1, 'The Persian Persuader', '154', '0', '76561198095413743'),
('440', '2', '4020938259', 1, 'The Eyelander', '780611729', '11040578', '76561198095413743'),
('440', '2', '7931927446', 1, 'The Eyelander', '132', '0', '76561198095413743'),
('440', '2', '5997053110', 1, 'The Blutsauger', '131', '0', '76561198095413743'),
('440', '2', '7932693893', 1, 'The Blutsauger', '131', '0', '76561198095413743'),
('440', '2', '8664184626', 1, 'The Blutsauger', '131', '0', '76561198095413743'),
('440', '2', '8236435100', 1, 'The Blutsauger', '131', '0', '76561198095413743'),
('440', '2', '5641971264', 1, 'The Overdose', '157', '0', '76561198095413743'),
('440', '2', '4373446088', 1, 'The Quäckenbirdt', '99666074', '1286523489', '76561198095413743'),
('440', '2', '5650545105', 1, 'The Cloak and Dagger', '69', '0', '76561198095413743'),
('440', '2', '8236532368', 1, 'The Cloak and Dagger', '69', '0', '76561198095413743'),
('440', '2', '8192609884', 1, 'The Dead Ringer', '133', '0', '76561198095413743'),
('440', '2', '5650545014', 1, 'The Jag', '87', '0', '76561198095413743'),
('440', '2', '8192609577', 1, 'The Southern Hospitality', '70', '0', '76561198095413743'),
('440', '2', '8192609340', 1, 'The Eureka Effect', '22989256', '0', '76561198095413743'),
('440', '2', '8234164481', 1, 'The Exorcizor', '92538056', '11041134', '76561198095413743'),
('440', '2', '8234164492', 1, 'The Exorcizor', '92538056', '11040640', '76561198095413743'),
('440', '2', '8192609658', 1, 'The Cozy Camper', '44368206', '0', '76561198095413743'),
('440', '2', '5898212700', 1, 'The Baronial Badge', '414901235', '11041920', '76561198095413743'),
('440', '2', '5898233985', 1, 'The Tomb Wrapper', '137818422', '2368709234', '76561198095413743'),
('440', '2', '5898211152', 1, 'The Jingle Belt', '22997362', '11042636', '76561198095413743'),
('440', '2', '5898210806', 1, 'The Battery Bandolier', '73658545', '73825170', '76561198095413743'),
('440', '2', '8664869877', 1, 'Ali Babas Wee Booties', '148', '0', '76561198095413743'),
('440', '2', '8667142683', 1, 'Ali Babas Wee Booties', '148', '0', '76561198095413743'),
('440', '2', '8192609364', 1, 'The Bootlegger', '8848515', '0', '76561198095413743'),
('440', '2', '8192606609', 1, 'The Mantreads', '151', '0', '76561198095413743'),
('440', '2', '8238849908', 1, 'The Mantreads', '151', '0', '76561198095413743'),
('440', '2', '5898237802', 1, 'The Archers Groundings', '343390602', '2368709226', '76561198095413743'),
('440', '2', '5898234817', 1, 'The Sole Saviors', '343390593', '2368709228', '76561198095413743'),
('440', '2', '8664596438', 1, 'The Gunboats', '90', '73651412', '76561198095413743'),
('440', '2', '5650545010', 1, 'The Gunboats', '90', '0', '76561198095413743'),
('440', '2', '8234164939', 1, 'The Caffeine Cooler', '170967337', '11041082', '76561198095413743'),
('440', '2', '8234163715', 1, 'The Caffeine Cooler', '2172589362', '19732175', '76561198095413743'),
('440', '2', '8234164462', 1, 'The Pencil Pusher', '8913465', '0', '76561198095413743'),
('440', '2', '8234164471', 1, 'The Pencil Pusher', '8913465', '0', '76561198095413743'),
('440', '2', '4020939359', 1, 'The Legend of Bugfoot', '13531667', '13532641', '76561198095413743'),
('440', '2', '4020938300', 1, 'The Emerald Jarate', '13531406', '13557425', '76561198095413743'),
('440', '2', '8234164167', 1, 'The Eye-Catcher', '510475018', '11041032', '76561198095413743'),
('440', '2', '8234164188', 1, 'Lord Cockswains Novelty Mutton Chops and Pipe', '312609', '11040771', '76561198095413743'),
('440', '2', '5898212465', 1, 'Whiskered Gentleman', '123054', '2333336113', '76561198095413743'),
('440', '2', '5898210939', 1, 'Yuris Revenge', '510474094', '11044212', '76561198095413743'),
('440', '2', '5898212449', 1, 'Camera Beard', '104109', '202400727', '76561198095413743'),
('440', '2', '5898211009', 1, 'Flair!', '9049070', '0', '76561198095413743'),
('440', '2', '5898211714', 1, 'The Brainiac Goggles', '22989253', '2251162916', '76561198095413743'),
('440', '2', '5898236387', 1, 'Seeing Double', '510474373', '2368709231', '76561198095413743'),
('440', '2', '5898212554', 1, 'The Gabe Glasses', '170955260', '2252956676', '76561198095413743'),
('440', '2', '5898234984', 1, 'The Spectres Spectacles', '8901135', '2368709229', '76561198095413743'),
('440', '2', '5996865818', 1, 'The Brütal Bouffant', '129943433', '2438204416', '76561198095413743'),
('440', '2', '5898236652', 1, 'Das Maddendoktor', '170975924', '2368709232', '76561198095413743'),
('440', '2', '5898212563', 1, 'Big Country', '133649', '1675449317', '76561198095413743'),
('440', '2', '5898211567', 1, 'Cadavers Cranium', '9355146', '11040671', '76561198095413743'),
('440', '2', '5898234344', 1, 'The Conquistador', '34913130', '2368709236', '76561198095413743'),
('440', '2', '5898211641', 1, 'Coupe Disaster', '105273', '11042310', '76561198095413743'),
('440', '2', '5898211041', 1, 'Hustlers Hallmark', '57997', '1694750606', '76561198095413743'),
('440', '2', '5898211297', 1, 'Sober Stuntman', '146449', '11041962', '76561198095413743'),
('440', '2', '5898212652', 1, 'Doctors Sack', '964490', '11041032', '76561198095413743'),
('440', '2', '4949271562', 1, 'Ghastlierest Gibus', '4', '19177621', '76561198095413743'),
('440', '2', '5898211243', 1, 'Ellis Cap', '313', '11040552', '76561198095413743'),
('440', '2', '5898211255', 1, 'Engineers Cap', '218206', '11044905', '76561198095413743'),
('440', '2', '5898210847', 1, 'Furious Fukaamigasa', '182829', '1220658109', '76561198095413743'),
('440', '2', '5898211577', 1, 'German Gonzila', '539462', '1164844536', '76561198095413743'),
('440', '2', '5898211031', 1, 'The Cross-Comm Crash Helmet', '65966542', '1694750600', '76561198095413743'),
('440', '2', '5898211460', 1, 'Baseball Bills Sports Shine', '108635', '11043095', '76561198095413743'),
('440', '2', '8234164927', 1, 'The One-Man Army', '8873127', '0', '76561198095413743'),
('440', '2', '5898211587', 1, 'The Dread Knot', '158981', '2042478104', '76561198095413743'),
('440', '2', '5898212480', 1, 'The Janissary Ketche', '292900', '2333336121', '76561198095413743'),
('440', '2', '5898212382', 1, 'The Caribbean Conqueror', '191847547', '11041101', '76561198095413743'),
('440', '2', '5898212728', 1, 'The Tsarboosh', '170978013', '11040634', '76561198095413743'),
('440', '2', '5898210835', 1, 'Madame Dixie', '256997', '1910716418', '76561198095413743'),
('440', '2', '5898211547', 1, 'Otolaryngologists Mirror', '247195', '11040872', '76561198095413743'),
('440', '2', '5898211404', 1, 'Modest Pile of Hat', '576255', '11040572', '76561198095413743'),
('440', '2', '7929647733', 1, 'The Monstrous Memento', '2569493359', '1096263353', '76561198095413743'),
('440', '2', '5898212357', 1, 'Medics Mountain Cap', '382152', '11040827', '76561198095413743'),
('440', '2', '5898211428', 1, 'Noble Amassment of Hats', '49781', '2333508259', '76561198095413743'),
('440', '2', '5898212391', 1, 'The Hetmans Headpiece', '432635', '11041134', '76561198095413743'),
('440', '2', '5898212416', 1, 'Liquidators Lid', '62841793', '1839324154', '76561198095413743'),
('440', '2', '5898212320', 1, 'Professors Peculiarity', '11041262', '13531136', '76561198095413743'),
('440', '2', '5898212499', 1, 'The Waxy Wayfinder', '45686203', '2333336123', '76561198095413743'),
('440', '2', '5898210990', 1, 'Old Guadalajara', '67726', '825906233', '76561198095413743'),
('440', '2', '5898211191', 1, 'The Birdcage', '8958778', '11040545', '76561198095413743'),
('440', '2', '5898211617', 1, 'Handymans Handle', '188034', '11044303', '76561198095413743'),
('440', '2', '5898234640', 1, 'The Well-Rounded Rifleman', '161007834', '2368709227', '76561198095413743'),
('440', '2', '5898210966', 1, 'The Napoleon Complex', '343391810', '13535249', '76561198095413743'),
('440', '2', '5898239356', 1, 'The Scarecrow', '92538063', '2368709233', '76561198095413743'),
('440', '2', '5898211474', 1, 'Bonk Helm', '101910446', '11042318', '76561198095413743'),
('440', '2', '5898211607', 1, 'Bombing Run', '67096', '11041133', '76561198095413743'),
('440', '2', '5898211056', 1, 'The Hot Dogger', '8995820', '0', '76561198095413743'),
('440', '2', '5898211174', 1, 'The Hermes', '8919157', '11040545', '76561198095413743'),
('440', '2', '5898212301', 1, 'Whoopee Cap', '298159', '11041882', '76561198095413743'),
('440', '2', '5898212637', 1, 'Drs Dapper Topper', '328130', '147389617', '76561198095413743'),
('440', '2', '5898211269', 1, 'Professionals Panama', '372165', '2345789104', '76561198095413743'),
('440', '2', '5898212407', 1, 'The Fruit Shoot', '53269216', '1810250240', '76561198095413743'),
('440', '2', '5898212596', 1, 'Blokes Bucket Hat', '233352', '11040827', '76561198095413743'),
('440', '2', '5898210978', 1, 'Chieftains Challenge', '84565', '11040588', '76561198095413743'),
('440', '2', '5898211499', 1, 'Sergeants Drill Hat', '134029', '11041423', '76561198095413743'),
('440', '2', '5898237552', 1, 'The Hat With No Name', '8941635', '2368709225', '76561198095413743'),
('440', '2', '5898211520', 1, 'Frenchmans Beret', '37021', '11042639', '76561198095413743'),
('440', '2', '5898211388', 1, 'Magistrates Mullet', '310559', '2278682237', '76561198095413743'),
('440', '2', '5898211703', 1, 'Stately Steel Toe', '316949', '2346248876', '76561198095413743'),
('440', '2', '5898212528', 1, 'Sultans Ceremonial', '273582', '2346336650', '76561198095413743'),
('440', '2', '5898211336', 1, 'The Attendant', '169418', '2302395195', '76561198095413743'),
('440', '2', '5898211320', 1, 'Towering Pillar of Hats', '263292', '13531685', '76561198095413743'),
('440', '2', '5898235266', 1, 'Vox Diabolus', '139445163', '2368709230', '76561198095413743'),
('440', '2', '5898212573', 1, 'The Kiss King', '260681211', '13536135', '76561198095413743'),
('440', '2', '5898212508', 1, 'The Mann of Reason', '260678420', '2346336648', '76561198095413743'),
('440', '2', '8268978734', 1, 'The Toy Tailor', '260682626', '11041135', '76561198095413743'),
('440', '2', '5898211226', 1, 'The Stormin Norman', '170966836', '13537575', '76561198095413743'),
('440', '2', '5898210910', 1, 'The Rump-o-Lantern', '92538062', '13531555', '76561198095413743'),
('440', '2', '5996866734', 1, 'Chucklenuts', '260677113', '2438204420', '76561198095413743'),
('440', '2', '5898211050', 1, 'The Mask of the Shaman', '14533961', '1694750611', '76561198095413743'),
('440', '2', '5898211691', 1, 'Sign of the Wolfs School', '13047086', '2345448352', '76561198095413743'),
('440', '2', '5898211201', 1, 'Clan Pride', '9043988', '1699413685', '76561198095413743'),
('440', '2', '5898211078', 1, 'The Crocodile Smile', '8943017', '0', '76561198095413743'),
('440', '2', '5898212542', 1, 'Lil Snaggletooth', '211447718', '11042651', '76561198095413743'),
('440', '2', '5898211659', 1, 'Teddy Roosebelt', '28264', '2232021393', '76561198095413743'),
('440', '2', '5898212427', 1, 'The Surgeons Side Satchel', '57936965', '2333083933', '76561198095413743'),
('440', '2', '8192609287', 1, 'Darwins Danger Shield', '73', '0', '76561198095413743'),
('440', '2', '8664062259', 1, 'The Splendid Screen', '303', '73651412', '76561198095413743'),
('440', '2', '8192609556', 1, 'The Splendid Screen', '303', '0', '76561198095413743'),
('440', '2', '5650545098', 1, 'The Tide Turner', '510472097', '11043003', '76561198095413743'),
('440', '2', '4020938267', 1, 'The Chargin Targe', '780611726', '11042334', '76561198095413743'),
('440', '2', '5185875737', 1, 'The Razorback', '66', '0', '76561198095413743'),
('440', '2', '5898210781', 1, 'Dr. Whoa', '20060259', '0', '76561198095413743'),
('440', '2', '8234163737', 1, 'The Tyurtlenek', '161007831', '11040564', '76561198095413743'),
('440', '2', '4950309042', 1, 'The Southie Shinobi', '510472065', '1847385589', '76561198095413743'),
('440', '2', '5898212583', 1, 'The Trail-Blazer', '260677957', '13534728', '76561198095413743'),
('440', '2', '4950270628', 1, 'The Red Socks', '510474461', '1423115443', '76561198095413743'),
('440', '2', '5898211673', 1, 'The Surgeons Stethoscope', '8992093', '2233488237', '76561198095413743'),
('440', '2', '5898237114', 1, 'The Flight of the Monarch', '107343639', '1868247105', '76561198095413743'),
('440', '2', '9006096419', 1, 'Winter 2019 War Paint Case', '3629500010', '0', '76561198095413743'),
('440', '2', '9006096418', 1, 'Winter 2019 Cosmetic Case', '3629500009', '0', '76561198095413743'),
('440', '2', '9006105491', 1, 'The Buff Banner', '371', '0', '76561198095413743'),
('440', '2', '9644218587', 1, 'Mann Co. Supply Crate Key', '101785959', '11040578', '76561198095413743');

INSERT INTO MKT_trade (trade_id, trade_time, trade_status, bot_id, partner_id) VALUES
    ('a', CURRENT_TIMESTAMP, 0, '76561198095413743', '76561198124042350'),
    ('b', CURRENT_TIMESTAMP, 0, '76561198124042350', '76561198095413743'),
    ('c', CURRENT_TIMESTAMP, 0, '76561198124042350', '76561198149154231'),
    ('d', CURRENT_TIMESTAMP, 1, '76561198149154231', '76561198095413743');

INSERT INTO MKT_trade_items (trade_id, app_id, context_id, asset_id) VALUES
    ('a', '440', '2', '4036519056'),
    ('a', '440', '2', '2723675375'),
    ('b', '440', '2', '9644218587'),
    ('c', '440', '2', '9006096419'),
    ('d', '440', '2', '8675555066');
